date,title,url,missing_count,file_names
2012-02-14,My favourite Valentine card…,https://www.flowersinagun.com/my-favourite-valentines-card/,1,425588_10151264095660346_405922250345_22348965_1111355078_n.jpg
2012-02-20,Lydia Lunch – Queen of Siam,https://www.flowersinagun.com/lydia-lunch-queen-of-siam/,3,20080912053830-lydia-lunch-queen-of-siam.jpg lidyalunch_2.jpg siam1.jpg
2012-04-11,Pulp @ Radio City Music Hall,https://www.flowersinagun.com/pulp-radio-city-music-hall/,2,2012-04-10-21-54-21.jpg 2012-04-10-22-41-44.jpg
2012-04-12,Tonight’s flick: Graphic Sexual Terror,https://www.flowersinagun.com/tonights-flick-graphic-sexual-terror/,5,10.png 11.png beg.png f.png untitled.png
2012-05-07,Gloria Petkova by Richard Kern,https://www.flowersinagun.com/gloria-petkova-tits-and-phones-vice-volume-9-number-3-fuck-yes-x-1000/,2,d0bcd0b5.jpg nokia-c3-00.jpg
2012-08-22,Bieber or Morbid Angel first?,https://www.flowersinagun.com/bieber-or-morbid-angel-first/,1,versus-hand.jpg
2012-09-01,I’m having a great time in Sofia,https://www.flowersinagun.com/im-having-a-great-time-in-sofia/,1,http-__makeagif.com_media_9-01-2012_Ag9TJM.gif
2012-11-01,Financial District looking like ghost town on Halloween after Hurricane Sandy,https://www.flowersinagun.com/financial-district-looking-like-a-ghost-town-on-halloween-after-hurricane-sandy/,21,10.jpg 11.jpg 12.jpg 13.jpg 14.jpg 15.jpg 16.jpg 17.jpg 19.jpg 2.jpg 20.jpg 21.jpg 22.jpg 24-part.jpg 31.jpg 4.jpg 5.jpg 7.jpg 8.jpg 9.jpg world-trade-center1.jpg
2012-11-15,Autumn in Central Park,https://www.flowersinagun.com/autumn-in-central-park/,21,23.jpg IMG_2979.jpg IMG_2980.jpg IMG_2981.jpg IMG_2988.jpg IMG_2990.jpg IMG_2995.jpg IMG_3005.jpg IMG_3007.jpg IMG_3012.jpg IMG_3014.jpg IMG_3015.jpg IMG_3027.jpg IMG_3028.jpg IMG_3030.jpg IMG_3032.jpg IMG_3033.jpg IMG_3034.jpg IMG_3037.jpg IMG_3056.jpg autumn.jpg
2012-11-21,Urban Saints,https://www.flowersinagun.com/urban-saints/,10,231170_374857112605087_1047934489_n.jpg 3549_361693427254789_1535507300_n.jpg 383490_361693440588121_507476671_n.jpg 403654_361693220588143_762583475_n.jpg 420928_361693270588138_1603383700_n.jpg 421072_361692847254847_708299083_n.jpg 557637_361693587254773_154350012_n.jpg 579083_361698003920998_1015104850_n.jpg 581556_361693200588145_180284650_n.jpg meow.jpg
2013-01-21,Interview with Michael Gira from Swans,https://www.flowersinagun.com/interview-with-michael-gira-from-swans/,3,phoca_thumb_l_mgira_lb_1.jpg phoca_thumb_l_mgumma.jpg phoca_thumb_l_swans_pool_1.jpg
2013-01-21,Life along the borderline – A tribute to Nico curated by John Cale at BAM,https://www.flowersinagun.com/life-along-the-borderline-a-tribute-to-nico-curated-by-john-cale-at-bam/,1,NICO__Alison-Mosshart-BER4120-1.jpg
2013-03-20,St. Patrick’s Parade NYC 2013,https://www.flowersinagun.com/st-patricks-parade-nyc-2013/,23,st1.jpg st10.jpg st11.jpg st12.jpg st13.jpg st14.jpg st15.jpg st16.jpg st17.jpg st18.jpg st19.jpg st2.jpg st20.jpg st21.jpg st22.jpg st23.jpg st3.jpg st4.jpg st5.jpg st6.jpg st7.jpg st8.jpg st9.jpg
2013-06-27,Photos from Bulgaria 2013,https://www.flowersinagun.com/photos-from-bulgaria-2013/,16,SAM_1578.jpg SAM_1599.jpg ailqk.jpg ailqk2.jpg flag.jpg gypsy.jpg hh.jpg kid.jpg lovers.jpg narodno.jpg pes.jpg piano.jpg rihanna.jpg shtastie.jpg sky.jpg smokebw.jpg
2013-10-05,The Last City,https://www.flowersinagun.com/the-last-city-2/,1,Album-Cover1.jpg
2013-10-10,KCA’s Black Ball hosted by Alicia Keys raises money to fight AIDS,https://www.flowersinagun.com/kcas-black-ball-hosted-by-alicia-keys-raises-money-to-fight-aids/,2,182949765.jpg 182949859.jpg
2013-10-12,Bushwick Burlesque – Bizarre and wildly entertaining,https://www.flowersinagun.com/bushwick-burlesque-bizarre-and-wildly-entertaining/,9,1.jpg 10.jpg 3.jpg 4.jpg 6.jpg 7.jpg 8.jpg 9.jpg 970312_10200925247760766_132896392_n.jpg
2013-10-26,Franz Ferdinand @ Manhattan Center’s Hammerstein Ballroom,https://www.flowersinagun.com/franz-ferdinand-manhattan-centers-hammerstein-ballroom/,2,Franz_Ferdinand_HammersteinHall_New_York-04.jpg Franz_Ferdinand_HammersteinHall_New_York-09.jpg
2013-10-28,Alzheimer’s association Rita Hayworth Gala 30th anniversary at Waldorf Astoria,https://www.flowersinagun.com/alzheimers-association-rita-hayworth-gala-30th-anniversary-at-waldorf-astoria/,7,Alzheimers_Association_New_York_Rita_Hayworth-Gala-05.jpg Alzheimers_Association_New_York_Rita_Hayworth-Gala-08.jpg Alzheimers_Association_New_York_Rita_Hayworth-Gala-09.jpg Alzheimers_Association_New_York_Rita_Hayworth-Gala-10.jpg Alzheimers_Association_New_York_Rita_Hayworth-Gala-13.jpg Alzheimers_Association_New_York_Rita_Hayworth-Gala-14.jpg Alzheimers_Association_New_York_Rita_Hayworth-Gala-141.jpg
2013-11-03,Bette Midler’s Hulaween Party at Waldorf Astoria,https://www.flowersinagun.com/bette-midlers-hulaween-party-at-waldorf-astoria/,5,Midler-Hulaween-Gala-0004.jpg Midler-Hulaween-Gala-0058.jpg Midler-Hulaween-Gala-0154.jpg Midler-Hulaween-Gala-0202.jpg Midler-Hulaween-Gala-0395.jpg
2013-11-06,Khromozomes,https://www.flowersinagun.com/khromozomes/,1,khromozomes+ruvane+schwartz++kristin+mainh.jpg
2013-11-18,# 12 Muse of the Brighton Bathhouse,https://www.flowersinagun.com/12-muse-of-the-brighton-bathhouse/,1,Bathhouse.jpg
2013-11-26,Nickel and Dime OPS album release party – killing!,https://www.flowersinagun.com/nickel-and-dime-ops-album-release-party-killing/,9,IMG_8151.jpg IMG_8153.jpg IMG_8180.jpg IMG_8195.jpg IMG_8209.jpg IMG_8283.jpg IMG_8322.jpg IMG_8388.jpg IMG_8421.jpg
2014-01-03,Band of The Week,https://www.flowersinagun.com/band-of-the-week/,1,bandofthweek.jpg
2014-01-24,Christian Scott at Blue Note – Inter(e)view,https://www.flowersinagun.com/christian-scott-at-the-blue-note-intereview/,7,Braxton-e1390535046878.jpg Braxton.jpg CS1.jpg CS3.jpg IMG_1336.jpg bassplayer.jpg isadora.jpg
2014-01-24,The new winners in Band Of The Week – Radio Radio from South London,https://www.flowersinagun.com/the-new-winner-of-band-of-the-week-radio-radio-from-south-london/,1,traffic.jpg
2014-02-21,Honeychrome @ Glasslands,https://www.flowersinagun.com/honeychrome-glasslands/,18,IMG_2282.jpg IMG_2286.jpg IMG_2292.jpg IMG_2299.jpg IMG_2300.jpg IMG_2304.jpg IMG_2306.jpg IMG_2308.jpg IMG_2313.jpg IMG_2316.jpg IMG_2317.jpg IMG_2324.jpg IMG_2334.jpg IMG_2344.jpg anna2.jpg anna3.jpg anna4.jpg http-makeagif.com-media-2-21-2014-TBrEuH-1.gif
2014-03-02,James Carter plays tribute to John Coltrane at the Philadelphia Clef Club of Jazz,https://www.flowersinagun.com/james-carter-plays-tribute-to-john-coltrane-at-the-philadelphia-clef-club-of-jazz/,5,GB-and-LS.jpg JC2.jpg JC4.jpg JCQ11.jpg JCQ6.jpg
2014-03-17,Tap Fever with Michela Marino Lerman Group at Dizzy’s Coca-Cola Club.,https://www.flowersinagun.com/tap-fever-with-michela-marino-lerman-group-at-dizzys-coca-cola-club/,7,1.jpg 10.jpg 12.jpg 13.jpg 14.jpg 41.jpg 7.jpg
2014-03-21,The Insurance Salesmen,https://www.flowersinagun.com/the-insurance-salesmen/,1,unnamed-2.jpg
2014-03-27,no:carrier – “Wisdom & Failure”,https://www.flowersinagun.com/nocarrier-wisdom-failure/,1,nocarrier_2014_Confession_1_CMYK_300dpi.jpg
2014-04-08,Caravan Palace hits NYC – Electric Swing Madness!,https://www.flowersinagun.com/caravan-palace-hits-nyc-electric-swing-madness/,5,Caravan-Palace-1-2.jpg Caravan-Palace-1-3.jpg Caravan-Palace-11-2.jpg Caravan-Palace-3-2.jpg Caravan-Palace-7-2.jpg
2014-04-12,Farrah Burns Speaks Fluent Hip-Hop in Harlem,https://www.flowersinagun.com/farrah-burns-speaks-fluent-hip-hop-in-harlem/,2,Farrah-Burns-1.jpg Farrah-Burns-4.jpg
2014-04-14,Video interview with Danish Band Förtress for Flowers In A Gun!,https://www.flowersinagun.com/video-interview-with-danish-band-fortress-for-flowers-in-a-gun/,1,fortress.jpg
2014-04-17,"The Jeremy Pelt Show presents Face Forward, Jeremy at the Jazz Standard.",https://www.flowersinagun.com/the-jeremy-pelt-show-presents-face-forward-jeremy-at-the-jazz-standard/,4,Jeremy-Pelt-Show-1.jpg Jeremy-Pelt-Show-11.jpg Jeremy-Pelt-Show-23.jpg Jeremy-Pelt-Show-3.jpg
2014-04-29,The Bad Plus at the Jazz Standard: Dark and Beautiful.,https://www.flowersinagun.com/the-bad-plus-at-the-jazz-standard-dark-and-beautiful/,3,The-Bad-Plus-10.jpg The-Bad-Plus-11.jpg The-Bad-Plus-8.jpg
2014-05-09,Interview with Jazz Violinist Scott Tixier,https://www.flowersinagun.com/interview-with-jazz-violinist-scott-tixier/,3,Scott-Tixier-3.jpg Scott-Tixier-4.jpg Scott-Tixier-6.jpg
2014-05-16,"Okkyung Lee at the Stone: 6 nights, 12 shows, 1 interview.",https://www.flowersinagun.com/okkyung-lee-at-the-stone-6-nights-12-shows-1-interview/,6,Smalls-04-29-11.jpg Smalls-04-29-12.jpg Smalls-04-29-16.jpg Smalls-04-29-17.jpg Smalls-04-29-5.jpg Smalls-04-29-7.jpg
2014-05-22,The NY Hot Jazz Festival sets Players Club on Fire – Opa!,https://www.flowersinagun.com/the-ny-hot-jazz-festival-sets-players-club-on-fire-opa/,20,NY-Hot-Jazz-Festival-2014-10.jpg NY-Hot-Jazz-Festival-2014-12.jpg NY-Hot-Jazz-Festival-2014-13.jpg NY-Hot-Jazz-Festival-2014-141.jpg NY-Hot-Jazz-Festival-2014-15.jpg NY-Hot-Jazz-Festival-2014-17.jpg NY-Hot-Jazz-Festival-2014-20.jpg NY-Hot-Jazz-Festival-2014-28.jpg NY-Hot-Jazz-Festival-2014-29.jpg NY-Hot-Jazz-Festival-2014-31.jpg NY-Hot-Jazz-Festival-2014-34.jpg NY-Hot-Jazz-Festival-2014-35.jpg NY-Hot-Jazz-Festival-2014-36.jpg NY-Hot-Jazz-Festival-2014-37.jpg NY-Hot-Jazz-Festival-2014-38.jpg NY-Hot-Jazz-Festival-2014-40.jpg NY-Hot-Jazz-Festival-2014-43.jpg NY-Hot-Jazz-Festival-2014-46.jpg NY-Hot-Jazz-Festival-2014-47.jpg NY-Hot-Jazz-Festival-2014-8.jpg
2014-07-05,"Lydia Lunch, Doomsday Student @ Trans-Pecos, Queens",https://www.flowersinagun.com/lydia-lunch-doomsday-student-trans-pecos-queens/,38,IMG_0153.jpg IMG_0154.jpg IMG_0155.jpg IMG_0161.jpg IMG_0163.jpg IMG_0165.jpg IMG_0166.jpg IMG_01681.jpg IMG_0174.jpg IMG_0176.jpg IMG_0178.jpg IMG_0185.jpg IMG_0192.jpg IMG_0193.jpg IMG_0195.jpg IMG_0196.jpg IMG_0197.jpg IMG_0201.jpg IMG_0203.jpg IMG_0205.jpg IMG_0206.jpg IMG_0209.jpg IMG_0211.jpg IMG_0213.jpg IMG_0214.jpg IMG_0215.jpg IMG_0216.jpg IMG_0217.jpg IMG_0222.jpg IMG_0223.jpg IMG_0228.jpg IMG_0232.jpg IMG_0239.jpg IMG_0243.jpg IMG_0249.jpg IMG_0253.jpg IMG_0257.jpg IMG_0263.jpg
2014-07-13,The impeccable insanity of The Liza Colby Sound @ Arlene’s Grocery,https://www.flowersinagun.com/the-impecable-insanity-of-the-liza-colby-sound-arlenes-grocery/,18,IMG_0347.jpg IMG_0350.jpg IMG_0353.jpg IMG_0354.jpg IMG_0355.jpg IMG_0358.jpg IMG_0359.jpg IMG_0365.jpg IMG_0380.jpg IMG_0381.jpg IMG_0386.jpg IMG_0389.jpg IMG_0390.jpg IMG_0396.jpg IMG_0406.jpg IMG_0410.jpg IMG_0412.jpg IMG_0413.jpg
2014-07-16,"Guided By Voices @ Irving Plaza, 07/11/2014",https://www.flowersinagun.com/guided-by-voices-irving-plaza-07112014/,16,IMG_0449.jpg IMG_0450.jpg IMG_0455.jpg IMG_0457.jpg IMG_0459.jpg IMG_0465.jpg IMG_0466.jpg IMG_0469.jpg IMG_0475.jpg IMG_0490.jpg IMG_0491.jpg IMG_0492.jpg IMG_0499.jpg IMG_0502.jpg IMG_0506.jpg IMG_0508.jpg
2014-08-10,Dave Stryker’s CD Release @ Jazz Standard + Interview for Flowers In A Gun,https://www.flowersinagun.com/dave-strykers-cd-release-jazz-standard-interview-for-flowers-in-a-gun/,6,untitled-10.jpg untitled-34.jpg untitled-38.jpg untitled-39.jpg untitled-63.jpg untitled-77.jpg
2014-08-28,Fixe Magazine Party @ Tammany Hall,https://www.flowersinagun.com/fixe-magazine-party-tammany-hall/,5,10488913_10202586348799240_1377219624_n.jpg 10578876_10202586613445856_1376524988_n.jpg 10613869_10202586470402280_95837085_n.jpg 10621104_10202586229516258_1139782172_n.jpg 10638060_10202586540444031_1004745066_n.jpg
2014-09-01,Charlie Parker Festival Celebrates the Legacy of Bird.,https://www.flowersinagun.com/charlie-parker-festival-celebrates-the-legacy-of-bird/,14,CP-fest-2014-13.jpg CP-fest-2014-17.jpg CP-fest-2014-18.jpg CP-fest-2014-21.jpg CP-fest-2014-23.jpg CP-fest-2014-24.jpg CP-fest-2014-25.jpg CP-fest-2014-26.jpg CP-fest-2014-28.jpg CP-fest-2014-30.jpg CP-fest-2014-31.jpg CP-fest-2014-32.jpg CP-fest-2014-35.jpg CP-fest-2014-9.jpg
2014-09-09,Interview with Rachel Ann Weiss @ the Rockwood Music Hall,https://www.flowersinagun.com/interview-with-rachel-ann-weiss-the-rockwood-music-hall/,4,Rachel-Weiss-Rockwood-1.jpg Rachel-Weiss-Rockwood-5.jpg Rachel-Weiss-Rockwood-6.jpg Rachel-Weiss-Rockwood-7.jpg
2014-09-12,Interview with Bassist/Composer Ben Wolfe,https://www.flowersinagun.com/interview-with-bassist-composer-ben-wolfe/,5,Ben-Wolfe-1.jpg Ben-Wolfe-2.jpg Ben-Wolfe-4.jpg Ben-Wolfe-5.jpg Ben-Wolfe-6.jpg
2014-09-17,Warren Wolf & Wolfpack at Smoke Jazz Club,https://www.flowersinagun.com/warren-wolf-the-wolfpack-at-smoke-jazz-club/,4,Warren-Wolf-1.jpg Warren-Wolf-2.jpg Warren-Wolf-3.jpg Warren-Wolf-5.jpg
2014-10-01,Alice Sungurov releases debut video,https://www.flowersinagun.com/alice-sungurov-releases-debut-video/,1,361E2D373C2CC816F896266826B7CBCA201417785756525.jpeg
2014-10-01,Interview with InDaze @ Brooklyn Bowl + The English Beat,https://www.flowersinagun.com/interview-with-indaze-brooklyn-bowl-the-english-beat/,15,Brooklyn-Bowl-09-18-1.jpg Brooklyn-Bowl-09-18-10.jpg Brooklyn-Bowl-09-18-11.jpg Brooklyn-Bowl-09-18-12.jpg Brooklyn-Bowl-09-18-16.jpg Brooklyn-Bowl-09-18-19.jpg Brooklyn-Bowl-09-18-20.jpg Brooklyn-Bowl-09-18-21.jpg Brooklyn-Bowl-09-18-22.jpg Brooklyn-Bowl-09-18-25.jpg Brooklyn-Bowl-09-18-26.jpg Brooklyn-Bowl-09-18-27.jpg Brooklyn-Bowl-09-18-5.jpg Brooklyn-Bowl-09-18-6.jpg Brooklyn-Bowl-09-18-9.jpg
2014-10-07,“The Book of Esther” by David Homan CD Release Party at Steinway Hall,https://www.flowersinagun.com/the-book-of-esther-cd-release-party-at-steinway-hall/,4,David-Homan-09-30-1.jpg David-Homan-09-30-3.jpg David-Homan-09-30-5.jpg David-Homan-09-30-9.jpg
2014-10-14,Interview with Ches Smith at the Stone,https://www.flowersinagun.com/interview-with-ches-smith-at-the-stone/,5,Ches-Smith-10.jpg Ches-Smith-11.jpg Ches-Smith-12.jpg Ches-Smith-4.jpg Ches-Smith-8.jpg
2014-10-21,Ben Frost Brings Violent Darkness to the Wick.,https://www.flowersinagun.com/ben-frost-brings-violent-darkness-to-the-wick/,7,Ben-Frost-11.jpg Ben-Frost-2.jpg Ben-Frost-3.jpg Ben-Frost-5.jpg Ben-Frost-6.jpg Ben-Frost-7.jpg Ben-Frost-9.jpg
2014-11-06,Band Of The Week: Sweet Fix,https://www.flowersinagun.com/band-of-the-week-sweet-fix/,6,0002075821_10.jpg Five-Robins-1.jpg Group-shot-1.png SWEET-FIX-NJ-1.jpg SWEET-FIX-at-Mercury-Lounge-III-1.jpg That-Time-Again-copy-1.jpg
2014-11-07,The Society Islands – The Big Sleep,https://www.flowersinagun.com/the-society-islands-the-big-sleep/,2,The-Society-Islands-CD-Cover.jpg mirror.jpg
2014-11-19,Interview with avant-garde musician Yumiko Tanaka at Japan Society.,https://www.flowersinagun.com/interview-with-avant-garde-musician-yumiko-tanaka-at-japan-society/,1,yumiko-tanaka-1.jpg
2014-11-26,Luscious Jackson @ The Bell House,https://www.flowersinagun.com/luscious-jackson-the-bell-house/,10,Lucsious-Jackson-1.jpg Lucsious-Jackson-10.jpg Lucsious-Jackson-11.jpg Lucsious-Jackson-12.jpg Lucsious-Jackson-2.jpg Lucsious-Jackson-4.jpg Lucsious-Jackson-6.jpg Lucsious-Jackson-7.jpg Lucsious-Jackson-8.jpg Lucsious-Jackson-9.jpg
2014-12-03,SEEING SOUNDS – Daniel Morrow presents The Bedford Green Project,https://www.flowersinagun.com/daniel-morrow-the-bedford-green-project/,6,DSC_0076.jpg amy-alex-bg.jpg audience-edit-1.jpg audience-edit-4.jpg varia0027.jpg varia0030.jpg
2014-12-03,Blonde Redhead @ Bowery Ballroom,https://www.flowersinagun.com/blonde-redhead-bowery-ballroom/,8,untitled-1.jpg untitled-2.jpg untitled-3.jpg untitled-4.jpg untitled-5.jpg untitled-7.jpg untitled-8.jpg untitled-9.jpg
2014-12-20,Azar Lawrence plays “A Love Supreme” at Jazz Standard,https://www.flowersinagun.com/azar-lawrence-plays-a-love-supreme-at-jazz-standard/,4,untitled-12.jpg untitled-2.jpg untitled-4.jpg untitled-8.jpg
2014-12-24,Swinging Holiday Party with Vince Giordano & the Nighthawks at the Town Hall.,https://www.flowersinagun.com/swinging-holiday-party-with-vince-giordano-the-nighthawks-at-the-town-hall/,10,holiday-swing-1.jpg holiday-swing-10.jpg holiday-swing-17.jpg holiday-swing-18.jpg holiday-swing-2.jpg holiday-swing-3.jpg holiday-swing-4.jpg holiday-swing-5.jpg holiday-swing-6.jpg holiday-swing-8.jpg
2014-12-24,Simon Field with a new vocal house track “Gravity”,https://www.flowersinagun.com/simon-field-with-a-new-vocal-house-track-gravity/,1,Gravity-Single-CD-Cover.jpg
2015-01-16,Winter Jazzfest 2015,https://www.flowersinagun.com/winter-jazzfest-2015/,32,NYCWJF-1.jpg NYCWJF-12-2.jpg NYCWJF-13.jpg NYCWJF-14.jpg NYCWJF-15.jpg NYCWJF-17-2.jpg NYCWJF-17.jpg NYCWJF-19-2.jpg NYCWJF-19.jpg NYCWJF-20-2.jpg NYCWJF-20.jpg NYCWJF-21.jpg NYCWJF-23-2.jpg NYCWJF-23.jpg NYCWJF-24-2.jpg NYCWJF-25-2.jpg NYCWJF-25.jpg NYCWJF-26.jpg NYCWJF-27-2.jpg NYCWJF-27.jpg NYCWJF-28.jpg NYCWJF-33.jpg NYCWJF-38.jpg NYCWJF-42.jpg NYCWJF-47.jpg NYCWJF-49.jpg NYCWJF-8-2.jpg NYCWJF-8.jpg NYCWJF-9-2.jpg untitled-1.jpg untitled-2.jpg untitled-3.jpg
2015-01-19,William Parker’s “Yes I Dream of Freedom” Dedicated to the Memory of Martin Luther King,https://www.flowersinagun.com/william-parkers-yes-i-dream-of-freedom-in-memory-of-martin-luther-king/,8,William-Parker-1.jpg William-Parker-11.jpg William-Parker-12.jpg William-Parker-15.jpg William-Parker-18.jpg William-Parker-19.jpg William-Parker-6.jpg William-Parker-9.jpg
2015-06-02,30 years Sepultura @ Webster Hall,https://www.flowersinagun.com/30-years-sepultura-webster-hall/,17,IMG_0008.jpg IMG_0012.jpg IMG_0018.jpg IMG_0023.jpg IMG_0024.jpg IMG_0027.jpg IMG_0063.jpg IMG_0064.jpg IMG_0075.jpg IMG_0083.jpg IMG_0084.jpg IMG_0089.jpg IMG_0090.jpg IMG_0096.jpg IMG_0101.jpg IMG_0102.jpg IMG_0104.jpg
2015-06-26,The Clayton Brothers Quintet: Notes For the Love of Music,https://www.flowersinagun.com/clayton-brothers-quintet-notes-for-the-love-of-music/,5,untitled-1.jpg untitled-2.jpg untitled-4.jpg untitled-7.jpg untitled-9.jpg
2015-08-05,From the South of Spain to the West Village: Albert Alabedra and Noemi Perez Flamenco Fusion,https://www.flowersinagun.com/from-the-south-of-spain-to-the-west-village-alberta-alabreda-and-noemi-perez-flamenco-fusion/,3,Sister-2.jpg Sister-3.jpg Sister-6.jpg
2015-08-24,Bitter’s kiss – captivating female vocals from New Jersey,https://www.flowersinagun.com/bitters-kiss-captivating-female-vocals-from-new-jersey/,2,11010517_1591045451181527_7927379709005872434_n.jpg 11391272_1618011628484909_6068226273398775242_n.jpg
2015-09-06,"Interview with LA industrial pop duo VOWWS // show @ Avid, Bk",https://www.flowersinagun.com/interview-with-la-industrial-pop-duo-vowws-show-avid-bk/,9,Vowws-1.jpg Vowws-10.jpg Vowws-11.jpg Vowws-2.jpg Vowws-3.jpg Vowws-4.jpg Vowws-7.jpg Vowws-8.jpg Vowws-9.jpg
2015-12-29,Matt Wilson’s Christmas TREE-O ’15 @ Jazz Standard,https://www.flowersinagun.com/matt-wilsons-christmas-tree-o-15-jazz-standard/,16,Jazz-Standard-1.jpg Jazz-Standard-11.jpg Jazz-Standard-13.jpg Jazz-Standard-14.jpg Jazz-Standard-15.jpg Jazz-Standard-17.jpg Jazz-Standard-18.jpg Jazz-Standard-19.jpg Jazz-Standard-20.jpg Jazz-Standard-21.jpg Jazz-Standard-23.jpg Jazz-Standard-3.jpg Jazz-Standard-6.jpg Jazz-Standard-7.jpg Jazz-Standard-8.jpg Jazz-Standard-9.jpg
2016-01-07,Gogol Bordello’s New Years Eve Bash + interview with Eugene Hutz,https://www.flowersinagun.com/gogol-bordellos-new-years-eve-bash-interview-with-eugene-hutz/,5,0301c440-e545-4c78-bb19-ad26605bf125.jpg 3676d3b5-9a00-462b-9924-c663af94a75f.png 88846a54-3313-4aa1-b86f-fe92124d744b.jpg 8a5e24c3-8735-44f8-bc48-827137c579f9.png d9bc1880-b6c5-4611-9756-38dadc7465c7.jpg
2016-02-01,David Bowie R.I.P.,https://www.flowersinagun.com/david-bowie-r-i-p/,3,1401x788-GettyImages-71087851.jpg 160111-bowie-performance-jpo-525a_ee370ad8ea1477f061dcfb578d643dbf.nbcnews-ux-2880-1000.jpg Screen-Shot-2013-02-06-at-5.02.47-PM.png
2016-02-02,Jacob Metcalf: Live at the Kessler Theatre,https://www.flowersinagun.com/jacob-metcalf-live-at-the-kessler-theatre/,2,Balcony-Singers.jpg IMG_0541.jpg
2016-02-05,The Legal Aid Society: Second Annual Winter Benefit 01/28/16,https://www.flowersinagun.com/the-legal-aid-society-second-annual-winter-benefit-012816/,16,Legal-Aid-Society-Benefit-1.jpg Legal-Aid-Society-Benefit-10.jpg Legal-Aid-Society-Benefit-12.jpg Legal-Aid-Society-Benefit-13.jpg Legal-Aid-Society-Benefit-14.jpg Legal-Aid-Society-Benefit-15.jpg Legal-Aid-Society-Benefit-16.jpg Legal-Aid-Society-Benefit-18.jpg Legal-Aid-Society-Benefit-2.jpg Legal-Aid-Society-Benefit-3.jpg Legal-Aid-Society-Benefit-4.jpg Legal-Aid-Society-Benefit-5.jpg Legal-Aid-Society-Benefit-6.jpg Legal-Aid-Society-Benefit-7.jpg Legal-Aid-Society-Benefit-8.jpg Legal-Aid-Society-Benefit-9.jpg
2016-02-21,Highly Suspect – the band that will rule the music scene in 2016,https://www.flowersinagun.com/highly-suspect-london-2016/,5,DSCF0144.jpg DSCF0558.jpg DSCF0583.jpg DSCF0622.jpg thumb_DSCF0596_1024.jpg
2016-03-13,"Le Butcherettes, The Dead Ships and Eureka The Butcher @ Rough Trade",https://www.flowersinagun.com/le-butcherettes-the-dead-ships-and-eureka-the-butcher-rough-trade/,30,IMG_9667.jpg IMG_9670.jpg IMG_9672.jpg IMG_9679.jpg IMG_9687.jpg IMG_9689.jpg IMG_9690.jpg IMG_9693.jpg IMG_9696.jpg IMG_9698.jpg IMG_9703.jpg IMG_9704.jpg IMG_9706.jpg IMG_9708.jpg IMG_9712.jpg IMG_9720.jpg IMG_9721.jpg IMG_9723.jpg IMG_9725.jpg IMG_9728.jpg IMG_9731.jpg IMG_9737.jpg IMG_9741.jpg IMG_9747.jpg IMG_9750.jpg IMG_9759.jpg IMG_9760.jpg IMG_9761.jpg IMG_9766.jpg IMG_9767.jpg
2016-07-31,In Remembrance of Erik Petersen the Punk Poet of Pennsylvania,https://www.flowersinagun.com/in-remembrance-of-erik-petersen-the-punk-poet-of-pennsylvania/,2,12377638_776450079126811_5421134697667537252_o-1.jpg 12593739_793964970708655_108408866774034511_o-1.jpg
2016-09-08,"The smallest Creature release “Reboot”, album comes out soon",https://www.flowersinagun.com/the-smallest-creature-release-reboot-album-comes-out-soon/,6,Group2.jpg Jack.jpg Stef.jpg Steph.jpg TsC_Sqr_Blck_Text.jpg TsC_Wide_Wht.jpg
2016-10-07,Captain Squeegee Defeats Evil with Music in New Video “Dually Noted”,https://www.flowersinagun.com/captain-squeegee-defeats-evil-with-music-in-new-video-dually-noted/,2,DSC_3921.jpg DSC_4211.jpg
2016-10-18,"Chvrches Shows Out In NYC, Opener Potty Mouth Nearly Stole The Show",https://www.flowersinagun.com/chvrches-shows-out-in-nyc-opener-potty-mouth-nearly-stole-the-show/,1,chvrches-at-terminal-5-papeo-2.jpg
2016-10-30,Jazz at Zinc Bar,https://www.flowersinagun.com/jazz-at-zinc-bar/,1,IMG_8837.jpg
2016-11-15,!!!’s residency at Union Pool: Dancing is the best revenge,https://www.flowersinagun.com/s-residency-at-union-pool-dancing-is-the-best-revenge/,9,DSC_0017.jpg DSC_0044.jpg DSC_0075.jpg DSC_0084.jpg DSC_0087.jpg DSC_0099.jpg DSC_9982.jpg DSC_9985.jpg DSC_9987.jpg
2017-02-10,Thelvnguage/The Textiles at Pianos,https://www.flowersinagun.com/thelvnguagethe-textiles-at-pianos/,9,IMG_0124-1.jpg IMG_0126-1.jpg IMG_0132-1.jpg IMG_0134-1.jpg IMG_0137-1.jpg IMG_0141.jpg IMG_0143.jpg IMG_0146.jpg IMG_0149.jpg
2017-10-01,The Horrors release new album ‘V’,https://www.flowersinagun.com/the-horrors-release-new-album-v/,1,unnamed-1.jpg
2018-02-17,A moment with SPIRIT OF,https://www.flowersinagun.com/a-moment-with-spirit-of/,1,DSC_0237-1.jpg
