key,type,original,ts,file,status,bytes
flowersinagun.com/10yr-cleansing-tour-prison-upon-a-burning-body-suicide-silence-at-brooklyn-bazaar,article_or_page,http://www.flowersinagun.com:80/10yr-cleansing-tour-prison-upon-a-burning-body-suicide-silence-at-brooklyn-bazaar/,20171226085102,raw\html\flowersinagun.com_10yr-cleansing-tour-prison-upon-a-burning-body-suicide-silence-at-brooklyn-bazaar__d1357bf802.html,ok,63817
flowersinagun.com/12-muse-of-the-brighton-bathhouse,article_or_page,https://www.flowersinagun.com/12-muse-of-the-brighton-bathhouse/,20230627042202,raw\html\flowersinagun.com_12-muse-of-the-brighton-bathhouse__f75ea1dd49.html,ok,57528
flowersinagun.com/30-years-sepultura-webster-hall,article_or_page,http://www.flowersinagun.com/30-years-sepultura-webster-hall/,20150922034633,raw\html\flowersinagun.com_30-years-sepultura-webster-hall__ff5e0043e1.html,ok,54199
flowersinagun.com/5-songs-of-2014,article_or_page,http://www.flowersinagun.com:80/5-songs-of-2014/,20150310114005,raw\html\flowersinagun.com_5-songs-of-2014__35df45769c.html,ok,48672
flowersinagun.com/a-moment-with-spirit-of,article_or_page,https://www.flowersinagun.com/a-moment-with-spirit-of/,20190623083648,raw\html\flowersinagun.com_a-moment-with-spirit-of__cd242c3d89.html,ok,56646
flowersinagun.com/about,article_or_page,https://www.flowersinagun.com/about/,20240409203707,raw\html\flowersinagun.com_about__6cad10a1c7.html,ok,75520
flowersinagun.com/ajay-mathurs-world-americana-in-9-to-3,article_or_page,http://www.flowersinagun.com/ajay-mathurs-world-americana-in-9-to-3/,20161107053947,raw\html\flowersinagun.com_ajay-mathurs-world-americana-in-9-to-3__987129be1b.html,ok,42440
flowersinagun.com/alice-sungurov-releases-debut-video,article_or_page,http://www.flowersinagun.com/alice-sungurov-releases-debut-video/,20151017040857,raw\html\flowersinagun.com_alice-sungurov-releases-debut-video__9c984f24e2.html,ok,48559
flowersinagun.com/alt-j-dissolve-me-song-review,article_or_page,http://www.flowersinagun.com/alt-j-dissolve-me-song-review/,20160310200955,raw\html\flowersinagun.com_alt-j-dissolve-me-song-review__48bb0ee8ac.html,ok,41129
flowersinagun.com/alzheimers-association-rita-hayworth-gala-30th-anniversary-at-waldorf-astoria,article_or_page,http://www.flowersinagun.com:80/alzheimers-association-rita-hayworth-gala-30th-anniversary-at-waldorf-astoria/,20131114003112,raw\html\flowersinagun.com_alzheimers-association-rita-hayworth-gala-30th-anniversary-at-waldorf-astoria__a8f971307a.html,ok,40731
flowersinagun.com/andrea-remordini,article_or_page,http://www.flowersinagun.com/andrea-remordini/,20160310133759,raw\html\flowersinagun.com_andrea-remordini__22aa505021.html,ok,40456
flowersinagun.com/andy-michaels-eclectic-revisited-has-bits-for-every-music-fan,article_or_page,https://www.flowersinagun.com/andy-michaels-eclectic-revisited-has-bits-for-every-music-fan/,20190623083548,raw\html\flowersinagun.com_andy-michaels-eclectic-revisited-has-bits-for-every-music-fan__642de767c7.html,ok,55572
flowersinagun.com/austeya,article_or_page,http://www.flowersinagun.com/austeya/,20130926232344,raw\html\flowersinagun.com_austeya__bb896aaa7c.html,ok,42116
flowersinagun.com/autoktronix-noise-from-the-dessert,article_or_page,https://www.flowersinagun.com/autoktronix-noise-from-the-dessert/,20230812211611,raw\html\flowersinagun.com_autoktronix-noise-from-the-dessert__e222af4181.html,ok,51757
flowersinagun.com/autumn-in-central-park,article_or_page,http://www.flowersinagun.com:80/autumn-in-central-park/,20150713013408,raw\html\flowersinagun.com_autumn-in-central-park__e1c1f87565.html,ok,48970
flowersinagun.com/azar-lawrence-plays-a-love-supreme-at-jazz-standard,article_or_page,http://www.flowersinagun.com/azar-lawrence-plays-a-love-supreme-at-jazz-standard/,20160811105312,raw\html\flowersinagun.com_azar-lawrence-plays-a-love-supreme-at-jazz-standard__a081d74e16.html,ok,48060
flowersinagun.com/balkansky-brat,article_or_page,http://www.flowersinagun.com:80/balkansky-brat/,20150713013256,raw\html\flowersinagun.com_balkansky-brat__af82080fd4.html,ok,44167
flowersinagun.com/band-of-the-week,article_or_page,http://www.flowersinagun.com/band-of-the-week/,20160828124049,raw\html\flowersinagun.com_band-of-the-week__4398b9f1bc.html,ok,45073
flowersinagun.com/band-of-the-week-hall-of-fame,article_or_page,https://www.flowersinagun.com/band-of-the-week-hall-of-fame/,20230606042939,raw\html\flowersinagun.com_band-of-the-week-hall-of-fame__ba58eb6d3f.html,ok,53957
flowersinagun.com/band-of-the-week-sweet-fix,article_or_page,http://www.flowersinagun.com/band-of-the-week-sweet-fix/,20150212130532,raw\html\flowersinagun.com_band-of-the-week-sweet-fix__3b87c373ea.html,ok,53751
flowersinagun.com/ben-frost-brings-violent-darkness-to-the-wick,article_or_page,http://www.flowersinagun.com/ben-frost-brings-violent-darkness-to-the-wick/,20150212180346,raw\html\flowersinagun.com_ben-frost-brings-violent-darkness-to-the-wick__d3268d1e43.html,ok,47124
flowersinagun.com/bette-midlers-hulaween-party-at-waldorf-astoria,article_or_page,http://www.flowersinagun.com:80/bette-midlers-hulaween-party-at-waldorf-astoria/,20151031092253,raw\html\flowersinagun.com_bette-midlers-hulaween-party-at-waldorf-astoria__801011064e.html,ok,50177
flowersinagun.com/bieber-or-morbid-angel-first,article_or_page,http://www.flowersinagun.com:80/bieber-or-morbid-angel-first/,20171019105946,raw\html\flowersinagun.com_bieber-or-morbid-angel-first__bfe1ec443e.html,ok,47658
flowersinagun.com/billy-roberts-and-the-rough-riders-takes-alternatively-country-on-the-last-of-the-originals,article_or_page,http://www.flowersinagun.com:80/billy-roberts-and-the-rough-riders-takes-alternatively-country-on-the-last-of-the-originals/,20150310114026,raw\html\flowersinagun.com_billy-roberts-and-the-rough-riders-takes-alternatively-country-on-the-last-of-the-originals__ddd37cac4e.html,ok,46182
flowersinagun.com/bitters-kiss-captivating-female-vocals-from-new-jersey,article_or_page,http://www.flowersinagun.com:80/bitters-kiss-captivating-female-vocals-from-new-jersey/,20150912075435,raw\html\flowersinagun.com_bitters-kiss-captivating-female-vocals-from-new-jersey__c7aeae2007.html,ok,49647
flowersinagun.com/blonde-redhead-bowery-ballroom,article_or_page,http://www.flowersinagun.com:80/blonde-redhead-bowery-ballroom/,20150310115611,raw\html\flowersinagun.com_blonde-redhead-bowery-ballroom__be51ad9fb6.html,ok,47676
flowersinagun.com/braddock-station-garrison,article_or_page,http://www.flowersinagun.com:80/braddock-station-garrison/,20140206063119,raw\html\flowersinagun.com_braddock-station-garrison__e941520a65.html,ok,65129
flowersinagun.com/britney-spears-work-bitch-sm-getting-way-too-commercialized,article_or_page,http://www.flowersinagun.com/britney-spears-work-bitch-sm-getting-way-too-commercialized/,20180203062439,raw\html\flowersinagun.com_britney-spears-work-bitch-sm-getting-way-too-commercialized__1f6052026b.html,ok,123927
flowersinagun.com/bushwick-burlesque-bizarre-and-wildly-entertaining,article_or_page,http://www.flowersinagun.com:80/bushwick-burlesque-bizarre-and-wildly-entertaining/,20141126025333,raw\html\flowersinagun.com_bushwick-burlesque-bizarre-and-wildly-entertaining__eedcd36da8.html,ok,50258
flowersinagun.com/captain-squeegee-defeats-evil-with-music-in-new-video-dually-noted,article_or_page,http://www.flowersinagun.com/captain-squeegee-defeats-evil-with-music-in-new-video-dually-noted/,20171125000351,raw\html\flowersinagun.com_captain-squeegee-defeats-evil-with-music-in-new-video-dually-noted__209eff7084.html,ok,54834
flowersinagun.com/caravan-palace-hits-nyc-electric-swing-madness,article_or_page,http://www.flowersinagun.com:80/caravan-palace-hits-nyc-electric-swing-madness/,20190910195130,raw\html\flowersinagun.com_caravan-palace-hits-nyc-electric-swing-madness__cee7aacd30.html,ok,57061
flowersinagun.com/charlie-parker-festival-celebrates-the-legacy-of-bird,article_or_page,http://www.flowersinagun.com:80/charlie-parker-festival-celebrates-the-legacy-of-bird/,20140906004844,raw\html\flowersinagun.com_charlie-parker-festival-celebrates-the-legacy-of-bird__1bc4f427f1.html,ok,54255
flowersinagun.com/christian-scott-at-the-blue-note-intereview,article_or_page,http://www.flowersinagun.com/christian-scott-at-the-blue-note-intereview/,20170825215400,raw\html\flowersinagun.com_christian-scott-at-the-blue-note-intereview__524993aca6.html,ok,64142
flowersinagun.com/christmas-and-video-game-cheats-2,article_or_page,http://www.flowersinagun.com/christmas-and-video-game-cheats-2/,20160828132737,raw\html\flowersinagun.com_christmas-and-video-game-cheats-2__6fcf186c7c.html,ok,42192
flowersinagun.com/chvrches-shows-out-in-nyc-opener-potty-mouth-nearly-stole-the-show,article_or_page,http://www.flowersinagun.com:80/chvrches-shows-out-in-nyc-opener-potty-mouth-nearly-stole-the-show/,20180508012513,raw\html\flowersinagun.com_chvrches-shows-out-in-nyc-opener-potty-mouth-nearly-stole-the-show__26b07fd611.html,ok,54719
flowersinagun.com/clayton-brothers-quintet-notes-for-the-love-of-music,article_or_page,http://www.flowersinagun.com/clayton-brothers-quintet-notes-for-the-love-of-music/,20160811111354,raw\html\flowersinagun.com_clayton-brothers-quintet-notes-for-the-love-of-music__d9dda0535a.html,ok,54657
flowersinagun.com/daniel-morrow-the-bedford-green-project,article_or_page,http://www.flowersinagun.com:80/daniel-morrow-the-bedford-green-project/,20150310114031,raw\html\flowersinagun.com_daniel-morrow-the-bedford-green-project__6e36c6e80f.html,ok,58027
flowersinagun.com/darkness-falls-with-the-new-record-of-unfanthomed-of-abyss,article_or_page,http://www.flowersinagun.com:80/darkness-falls-with-the-new-record-of-unfanthomed-of-abyss/,20150310114036,raw\html\flowersinagun.com_darkness-falls-with-the-new-record-of-unfanthomed-of-abyss__de41fde6a3.html,ok,45499
flowersinagun.com/dave-strykers-cd-release-jazz-standard-interview-for-flowers-in-a-gun,article_or_page,https://www.flowersinagun.com/dave-strykers-cd-release-jazz-standard-interview-for-flowers-in-a-gun/,20190809193614,raw\html\flowersinagun.com_dave-strykers-cd-release-jazz-standard-interview-for-flowers-in-a-gun__7c1d701900.html,ok,60631
flowersinagun.com/david-bowie-r-i-p,article_or_page,http://www.flowersinagun.com/david-bowie-r-i-p/,20160904014241,raw\html\flowersinagun.com_david-bowie-r-i-p__2edfa2ed02.html,ok,48740
flowersinagun.com/dk5600,article_or_page,http://www.flowersinagun.com/dk5600/,20141130151758,raw\html\flowersinagun.com_dk5600__8fa03df1b4.html,ok,43925
flowersinagun.com/dolls-from-uk-is-the-new-band-of-the-week-winner,article_or_page,http://www.flowersinagun.com/dolls-from-uk-is-the-new-band-of-the-week-winner/,20141125103906,raw\html\flowersinagun.com_dolls-from-uk-is-the-new-band-of-the-week-winner__8525c69248.html,ok,40841
flowersinagun.com/double-album-cd-release-party-at-shapeshifter-lab-matthew-shipp-darius-jones-gerald-cleaver-william-parker-craig-taborn,article_or_page,https://www.flowersinagun.com/double-album-cd-release-party-at-shapeshifter-lab-matthew-shipp-darius-jones-gerald-cleaver-william-parker-craig-taborn/,20190809193316,raw\html\flowersinagun.com_double-album-cd-release-party-at-shapeshifter-lab-matthew-shipp-darius-jones-gerald-cleaver-william-pa__14eecda9f0.html,ok,62219
flowersinagun.com/dream-08-23-12,article_or_page,http://www.flowersinagun.com:80/dream-08-23-12/,20171019103802,raw\html\flowersinagun.com_dream-08-23-12__993aa8e793.html,ok,45693
flowersinagun.com/ducati-james-president-trump,article_or_page,http://www.flowersinagun.com/ducati-james-president-trump/,,,failed:too_small,0
flowersinagun.com/fake-snuff-straight-from-bulgaria-fuck-yeah,article_or_page,http://www.flowersinagun.com:80/fake-snuff-straight-from-bulgaria-fuck-yeah/,20150812114236,raw\html\flowersinagun.com_fake-snuff-straight-from-bulgaria-fuck-yeah__bbe759df10.html,ok,44895
flowersinagun.com/farrah-burns-speaks-fluent-hip-hop-in-harlem,article_or_page,http://www.flowersinagun.com:80/farrah-burns-speaks-fluent-hip-hop-in-harlem/,20181030114620,raw\html\flowersinagun.com_farrah-burns-speaks-fluent-hip-hop-in-harlem__5e97ff3f0f.html,ok,52580
flowersinagun.com/financial-district-looking-like-a-ghost-town-on-halloween-after-hurricane-sandy,article_or_page,http://www.flowersinagun.com:80/financial-district-looking-like-a-ghost-town-on-halloween-after-hurricane-sandy/,20131114003127,raw\html\flowersinagun.com_financial-district-looking-like-a-ghost-town-on-halloween-after-hurricane-sandy__8207063e27.html,ok,40308
flowersinagun.com/fiona-silver-mercury-lounge,article_or_page,https://www.flowersinagun.com/fiona-silver-mercury-lounge/,20190623085344,raw\html\flowersinagun.com_fiona-silver-mercury-lounge__cde1a659bd.html,ok,58883
flowersinagun.com/fixe-magazine-party-tammany-hall,article_or_page,https://www.flowersinagun.com/fixe-magazine-party-tammany-hall/,20190809193607,raw\html\flowersinagun.com_fixe-magazine-party-tammany-hall__6cf6b81e1a.html,ok,58439
flowersinagun.com/franz-ferdinand-manhattan-centers-hammerstein-ballroom,article_or_page,http://www.flowersinagun.com:80/franz-ferdinand-manhattan-centers-hammerstein-ballroom/,20160211211154,raw\html\flowersinagun.com_franz-ferdinand-manhattan-centers-hammerstein-ballroom__2013cee731.html,ok,46689
flowersinagun.com/from-the-south-of-spain-to-the-west-village-alberta-alabreda-and-noemi-perez-flamenco-fusion,article_or_page,http://www.flowersinagun.com:80/from-the-south-of-spain-to-the-west-village-alberta-alabreda-and-noemi-perez-flamenco-fusion/,20160521094331,raw\html\flowersinagun.com_from-the-south-of-spain-to-the-west-village-alberta-alabreda-and-noemi-perez-flamenco-fusion__aed39af604.html,ok,49215
flowersinagun.com/gene-simmons-nobody-pays-for-music,article_or_page,http://www.flowersinagun.com/gene-simmons-nobody-pays-for-music/,20180123092122,raw\html\flowersinagun.com_gene-simmons-nobody-pays-for-music__71631e1063.html,ok,196418
flowersinagun.com/gloria-petkova-tits-and-phones-vice-volume-9-number-3-fuck-yes-x-1000,article_or_page,http://www.flowersinagun.com:80/gloria-petkova-tits-and-phones-vice-volume-9-number-3-fuck-yes-x-1000/,20160328095928,raw\html\flowersinagun.com_gloria-petkova-tits-and-phones-vice-volume-9-number-3-fuck-yes-x-1000__fb7e4222b0.html,ok,39952
flowersinagun.com/gogol-bordellos-new-years-eve-bash-interview-with-eugene-hutz,article_or_page,http://www.flowersinagun.com:80/gogol-bordellos-new-years-eve-bash-interview-with-eugene-hutz/,20170722134747,raw\html\flowersinagun.com_gogol-bordellos-new-years-eve-bash-interview-with-eugene-hutz__3e4d00ac20.html,ok,50709
flowersinagun.com/guided-by-voices-irving-plaza-07112014,article_or_page,http://www.flowersinagun.com:80/guided-by-voices-irving-plaza-07112014/,20150815144929,raw\html\flowersinagun.com_guided-by-voices-irving-plaza-07112014__e1418986fe.html,ok,51205
flowersinagun.com/guy-klucevsek-teetering-on-the-verge-of-normalcy,article_or_page,https://www.flowersinagun.com/guy-klucevsek-teetering-on-the-verge-of-normalcy/,20230623153927,raw\html\flowersinagun.com_guy-klucevsek-teetering-on-the-verge-of-normalcy__ec04ecdc5b.html,ok,67925
flowersinagun.com/hardcore-xmas-2017-eastern-europes-finest,article_or_page,https://www.flowersinagun.com/hardcore-xmas-2017-eastern-europes-finest/,20190806043702,raw\html\flowersinagun.com_hardcore-xmas-2017-eastern-europes-finest__023ab2b437.html,ok,55893
flowersinagun.com/heylel-blend-prog-rock-with-gothic-influences-in-nebulae,article_or_page,http://www.flowersinagun.com:80/heylel-blend-prog-rock-with-gothic-influences-in-nebulae/,20150815131959,raw\html\flowersinagun.com_heylel-blend-prog-rock-with-gothic-influences-in-nebulae__db2eb7c667.html,ok,48850
flowersinagun.com/highly-suspect-london-2016,article_or_page,http://www.flowersinagun.com/highly-suspect-london-2016/,20160904053929,raw\html\flowersinagun.com_highly-suspect-london-2016__a94d0cba07.html,ok,49054
flowersinagun.com/honeychrome-glasslands,article_or_page,http://www.flowersinagun.com/honeychrome-glasslands/,20160612193733,raw\html\flowersinagun.com_honeychrome-glasslands__ed8d6baa60.html,ok,50886
flowersinagun.com/im-having-a-great-time-in-sofia,article_or_page,http://www.flowersinagun.com:80/im-having-a-great-time-in-sofia/,20131114003138,raw\html\flowersinagun.com_im-having-a-great-time-in-sofia__dc7a76f2bb.html,ok,33231
flowersinagun.com/in-remembrance-of-erik-petersen-the-punk-poet-of-pennsylvania,article_or_page,http://www.flowersinagun.com:80/in-remembrance-of-erik-petersen-the-punk-poet-of-pennsylvania/,20161024020034,raw\html\flowersinagun.com_in-remembrance-of-erik-petersen-the-punk-poet-of-pennsylvania__f76d964e8f.html,ok,48159
flowersinagun.com/interview-mndr,article_or_page,http://www.flowersinagun.com:80/interview-mndr/,20140204053403,raw\html\flowersinagun.com_interview-mndr__94d7215ee4.html,ok,54155
flowersinagun.com/interview-with-avant-garde-musician-yumiko-tanaka-at-japan-society,article_or_page,http://www.flowersinagun.com:80/interview-with-avant-garde-musician-yumiko-tanaka-at-japan-society/,20150310114757,raw\html\flowersinagun.com_interview-with-avant-garde-musician-yumiko-tanaka-at-japan-society__bcd92879cc.html,ok,50439
flowersinagun.com/interview-with-bassist-composer-ben-wolfe,article_or_page,http://www.flowersinagun.com:80/interview-with-bassist-composer-ben-wolfe/,20171029195838,raw\html\flowersinagun.com_interview-with-bassist-composer-ben-wolfe__9b1b248afd.html,ok,57347
flowersinagun.com/interview-with-ches-smith-at-the-stone,article_or_page,http://www.flowersinagun.com/interview-with-ches-smith-at-the-stone/,20160811104122,raw\html\flowersinagun.com_interview-with-ches-smith-at-the-stone__f1782b239b.html,ok,50088
flowersinagun.com/interview-with-dolls-uk,article_or_page,http://www.flowersinagun.com/interview-with-dolls-uk/,20141130025136,raw\html\flowersinagun.com_interview-with-dolls-uk__ca4c3b7f44.html,ok,47575
flowersinagun.com/interview-with-indaze-brooklyn-bowl-the-english-beat,article_or_page,http://www.flowersinagun.com/interview-with-indaze-brooklyn-bowl-the-english-beat/,20150928174844,raw\html\flowersinagun.com_interview-with-indaze-brooklyn-bowl-the-english-beat__9693526fd4.html,ok,57407
flowersinagun.com/interview-with-jazz-violinist-scott-tixier,article_or_page,http://www.flowersinagun.com/interview-with-jazz-violinist-scott-tixier/,20141125090732,raw\html\flowersinagun.com_interview-with-jazz-violinist-scott-tixier__90a1f8c863.html,ok,52410
flowersinagun.com/interview-with-la-industrial-pop-duo-vowws-show-avid-bk,article_or_page,http://www.flowersinagun.com:80/interview-with-la-industrial-pop-duo-vowws-show-avid-bk/,20151019050735,raw\html\flowersinagun.com_interview-with-la-industrial-pop-duo-vowws-show-avid-bk__e0aa37fe91.html,ok,64324
flowersinagun.com/interview-with-matthew-shipp,article_or_page,https://www.flowersinagun.com/interview-with-matthew-shipp/,20231120160220,raw\html\flowersinagun.com_interview-with-matthew-shipp__5254bacef6.html,ok,56908
flowersinagun.com/interview-with-michael-gira-from-swans,article_or_page,http://www.flowersinagun.com/interview-with-michael-gira-from-swans/,20230811174445,raw\html\flowersinagun.com_interview-with-michael-gira-from-swans__ccf06fc219.html,ok,60175
flowersinagun.com/interview-with-rachel-ann-weiss-the-rockwood-music-hall,article_or_page,http://www.flowersinagun.com:80/interview-with-rachel-ann-weiss-the-rockwood-music-hall/,20140914062713,raw\html\flowersinagun.com_interview-with-rachel-ann-weiss-the-rockwood-music-hall__c3fac913d2.html,ok,58503
flowersinagun.com/jacob-metcalf-live-at-the-kessler-theatre,article_or_page,http://www.flowersinagun.com/jacob-metcalf-live-at-the-kessler-theatre/,20160904023835,raw\html\flowersinagun.com_jacob-metcalf-live-at-the-kessler-theatre__406e080bf2.html,ok,49511
flowersinagun.com/james-carter-plays-tribute-to-john-coltrane-at-the-philadelphia-clef-club-of-jazz,article_or_page,http://www.flowersinagun.com:80/james-carter-plays-tribute-to-john-coltrane-at-the-philadelphia-clef-club-of-jazz/,20200220153611,raw\html\flowersinagun.com_james-carter-plays-tribute-to-john-coltrane-at-the-philadelphia-clef-club-of-jazz__eb7fc39689.html,ok,58054
flowersinagun.com/jazz-at-zinc-bar,article_or_page,http://www.flowersinagun.com/jazz-at-zinc-bar/,20171124235210,raw\html\flowersinagun.com_jazz-at-zinc-bar__d69c38e6a4.html,ok,50907
flowersinagun.com/joy-division-disorder-song-review,article_or_page,https://www.flowersinagun.com/joy-division-disorder-song-review/,20230803191927,raw\html\flowersinagun.com_joy-division-disorder-song-review__ee6269b671.html,ok,52570
flowersinagun.com/kate-fenner-releases-middle-voice-a-deep-look-into-life,article_or_page,https://www.flowersinagun.com/kate-fenner-releases-middle-voice-a-deep-look-into-life/,20190623085739,raw\html\flowersinagun.com_kate-fenner-releases-middle-voice-a-deep-look-into-life__8a7e555e49.html,ok,57945
flowersinagun.com/katya-sanna,article_or_page,http://www.flowersinagun.com:80/katya-sanna/,20180929201533,raw\html\flowersinagun.com_katya-sanna__8ca3c14d29.html,ok,55073
flowersinagun.com/kcas-black-ball-hosted-by-alicia-keys-raises-money-to-fight-aids,article_or_page,http://www.flowersinagun.com/kcas-black-ball-hosted-by-alicia-keys-raises-money-to-fight-aids/,20131010151445,raw\html\flowersinagun.com_kcas-black-ball-hosted-by-alicia-keys-raises-money-to-fight-aids__56126ea4a2.html,ok,39329
flowersinagun.com/khromozomes,article_or_page,http://www.flowersinagun.com:80/khromozomes/,20160720105515,raw\html\flowersinagun.com_khromozomes__38f8e2f758.html,ok,47042
flowersinagun.com/kmfdm-rock-irving-plaza-for-hell-yeah-tour,article_or_page,http://www.flowersinagun.com/kmfdm-rock-irving-plaza-for-hell-yeah-tour/,20180123040921,raw\html\flowersinagun.com_kmfdm-rock-irving-plaza-for-hell-yeah-tour__05134a4260.html,ok,210502
flowersinagun.com/le-butcherettes-the-dead-ships-and-eureka-the-butcher-rough-trade,article_or_page,http://www.flowersinagun.com/le-butcherettes-the-dead-ships-and-eureka-the-butcher-rough-trade/,20160904000541,raw\html\flowersinagun.com_le-butcherettes-the-dead-ships-and-eureka-the-butcher-rough-trade__e095282f4d.html,ok,64360
flowersinagun.com/life-along-the-borderline-a-tribute-to-nico-curated-by-john-cale-at-bam,article_or_page,https://www.flowersinagun.com/life-along-the-borderline-a-tribute-to-nico-curated-by-john-cale-at-bam/,20230812211340,raw\html\flowersinagun.com_life-along-the-borderline-a-tribute-to-nico-curated-by-john-cale-at-bam__c6ed5d1bce.html,ok,54807
flowersinagun.com/lili-roquelin-with-brand-new-video-for-the-only-one,article_or_page,https://www.flowersinagun.com/lili-roquelin-with-brand-new-video-for-the-only-one/,20230624094502,raw\html\flowersinagun.com_lili-roquelin-with-brand-new-video-for-the-only-one__1659da4572.html,ok,61524
flowersinagun.com/luscious-jackson-the-bell-house,article_or_page,http://www.flowersinagun.com:80/luscious-jackson-the-bell-house/,20150310115046,raw\html\flowersinagun.com_luscious-jackson-the-bell-house__27840e5527.html,ok,48177
flowersinagun.com/lydia-lunch-doomsday-student-trans-pecos-queens,article_or_page,http://www.flowersinagun.com:80/lydia-lunch-doomsday-student-trans-pecos-queens/,20150709081607,raw\html\flowersinagun.com_lydia-lunch-doomsday-student-trans-pecos-queens__7028f6809e.html,ok,65134
flowersinagun.com/lydia-lunch-queen-of-siam,article_or_page,http://www.flowersinagun.com:80/lydia-lunch-queen-of-siam/,20150808040545,raw\html\flowersinagun.com_lydia-lunch-queen-of-siam__7091dfe5dd.html,ok,45184
flowersinagun.com/mad-meg-mercury-lounge,article_or_page,https://www.flowersinagun.com/mad-meg-mercury-lounge/,20190809193259,raw\html\flowersinagun.com_mad-meg-mercury-lounge__14d3e1ff29.html,ok,55163
flowersinagun.com/manilow-cease-and-desist,article_or_page,http://www.flowersinagun.com:80/manilow-cease-and-desist/,20150310114803,raw\html\flowersinagun.com_manilow-cease-and-desist__128b96b8d3.html,ok,44347
flowersinagun.com/marianne-solivan-big-band-at-smalls-jazz-club-lady-got-balls,article_or_page,https://www.flowersinagun.com/marianne-solivan-big-band-at-smalls-jazz-club-lady-got-balls/,20230623153926,raw\html\flowersinagun.com_marianne-solivan-big-band-at-smalls-jazz-club-lady-got-balls__6c488cc594.html,ok,72729
flowersinagun.com/mark-maze-takes-on-heartbreak-and-individualism-in-new-album-uncomfortable-truths,article_or_page,https://www.flowersinagun.com/mark-maze-takes-on-heartbreak-and-individualism-in-new-album-uncomfortable-truths/,20230805190244,raw\html\flowersinagun.com_mark-maze-takes-on-heartbreak-and-individualism-in-new-album-uncomfortable-truths__e0e8535bae.html,ok,57763
flowersinagun.com/mark-zaleski-bands-album-release-at-smalls-jazz-club,article_or_page,http://www.flowersinagun.com/mark-zaleski-bands-album-release-at-smalls-jazz-club/,20180213043950,raw\html\flowersinagun.com_mark-zaleski-bands-album-release-at-smalls-jazz-club__8bd89e971b.html,ok,143878
flowersinagun.com/marla-mase-half-life,article_or_page,http://www.flowersinagun.com/marla-mase-half-life/,20141130114813,raw\html\flowersinagun.com_marla-mase-half-life__b592894ec4.html,ok,42548
flowersinagun.com/mary-lynns-animal-is-a-great-listen-end-to-end,article_or_page,http://www.flowersinagun.com/mary-lynns-animal-is-a-great-listen-end-to-end/,20171116030424,raw\html\flowersinagun.com_mary-lynns-animal-is-a-great-listen-end-to-end__a45232e6c9.html,ok,52778
flowersinagun.com/matt-wilsons-christmas-tree-o-15-jazz-standard,article_or_page,http://www.flowersinagun.com/matt-wilsons-christmas-tree-o-15-jazz-standard/,20160811120633,raw\html\flowersinagun.com_matt-wilsons-christmas-tree-o-15-jazz-standard__006ef94c52.html,ok,56033
flowersinagun.com/mel-washington,article_or_page,http://www.flowersinagun.com/mel-washington/,20160910145045,raw\html\flowersinagun.com_mel-washington__e97862b33d.html,ok,41981
flowersinagun.com/michael-cullen-love-transmitter,article_or_page,http://www.flowersinagun.com/michael-cullen-love-transmitter/,20141130164038,raw\html\flowersinagun.com_michael-cullen-love-transmitter__32947628e4.html,ok,42703
flowersinagun.com/modest-mouse-at-kings-theater-worth-the-trip,article_or_page,https://www.flowersinagun.com/modest-mouse-at-kings-theater-worth-the-trip/,20190803175500,raw\html\flowersinagun.com_modest-mouse-at-kings-theater-worth-the-trip__34e8ff78ba.html,ok,64410
flowersinagun.com/my-favourite-valentines-card,article_or_page,http://www.flowersinagun.com:80/my-favourite-valentines-card/,20150812114309,raw\html\flowersinagun.com_my-favourite-valentines-card__577146404d.html,ok,43035
flowersinagun.com/my-instagram-feed,article_or_page,https://www.flowersinagun.com/my-instagram-feed/,20230605063049,raw\html\flowersinagun.com_my-instagram-feed__586fa2955a.html,ok,45200
flowersinagun.com/neneh-cherry-palmengarten-frankfurt,article_or_page,https://www.flowersinagun.com/neneh-cherry-palmengarten-frankfurt/,20190809193313,raw\html\flowersinagun.com_neneh-cherry-palmengarten-frankfurt__3b31657e94.html,ok,59125
flowersinagun.com/nic-nassuet-releases-two-tracks-from-new-album-eleutherios,article_or_page,http://www.flowersinagun.com/nic-nassuet-releases-two-tracks-from-new-album-eleutherios/,20150910000032,raw\html\flowersinagun.com_nic-nassuet-releases-two-tracks-from-new-album-eleutherios__1aa0b2d2cb.html,ok,50276
flowersinagun.com/nickel-and-dime-ops-album-release-party-killing,article_or_page,https://www.flowersinagun.com/nickel-and-dime-ops-album-release-party-killing/,20230627042202,raw\html\flowersinagun.com_nickel-and-dime-ops-album-release-party-killing__d99134a43d.html,ok,62487
flowersinagun.com/nocarrier-wisdom-failure,article_or_page,http://www.flowersinagun.com/nocarrier-wisdom-failure/,20141126194957,raw\html\flowersinagun.com_nocarrier-wisdom-failure__d531760316.html,ok,43806
flowersinagun.com/nomads-revolt-mischief-brew-sets-fire-to-the-night-in-brooklyn,article_or_page,https://www.flowersinagun.com/nomads-revolt-mischief-brew-sets-fire-to-the-night-in-brooklyn/,20240409172038,raw\html\flowersinagun.com_nomads-revolt-mischief-brew-sets-fire-to-the-night-in-brooklyn__6203520822.html,ok,56376
flowersinagun.com/okkyung-lee-at-the-stone-6-nights-12-shows-1-interview,article_or_page,http://www.flowersinagun.com/okkyung-lee-at-the-stone-6-nights-12-shows-1-interview/,20151209125238,raw\html\flowersinagun.com_okkyung-lee-at-the-stone-6-nights-12-shows-1-interview__f9cc097f9a.html,ok,59267
flowersinagun.com/paul-maged-releases-sophomore-album-diamonds-and-demons,article_or_page,http://www.flowersinagun.com:80/paul-maged-releases-sophomore-album-diamonds-and-demons/,20150310114807,raw\html\flowersinagun.com_paul-maged-releases-sophomore-album-diamonds-and-demons__e7ac81ab22.html,ok,45310
flowersinagun.com/phoenix-hip-hop-lights-up-the-night-in-brooklyn,article_or_page,http://www.flowersinagun.com/phoenix-hip-hop-lights-up-the-night-in-brooklyn/,20210307105200,raw\html\flowersinagun.com_phoenix-hip-hop-lights-up-the-night-in-brooklyn__4044ff698a.html,ok,64121
flowersinagun.com/photo-of-the-night-1-siouxsie-by-pierre-et-gilles,article_or_page,http://www.flowersinagun.com:80/photo-of-the-night-1-siouxsie-by-pierre-et-gilles/,20131114033942,raw\html\flowersinagun.com_photo-of-the-night-1-siouxsie-by-pierre-et-gilles__92b1bc94fd.html,ok,31656
flowersinagun.com/photos-from-bulgaria-2013,article_or_page,http://www.flowersinagun.com:80/photos-from-bulgaria-2013/,20131114003143,raw\html\flowersinagun.com_photos-from-bulgaria-2013__df72b66da6.html,ok,37980
flowersinagun.com/pizzafest-3-code-name-pizza-fist,article_or_page,http://www.flowersinagun.com:80/pizzafest-3-code-name-pizza-fist/,20160823120049,raw\html\flowersinagun.com_pizzafest-3-code-name-pizza-fist__746c2930cb.html,ok,43971
flowersinagun.com/plastic-yellow-band,article_or_page,http://www.flowersinagun.com/plastic-yellow-band/,20141130175653,raw\html\flowersinagun.com_plastic-yellow-band__07ade1de86.html,ok,44341
flowersinagun.com/playing-to-vapors,article_or_page,http://www.flowersinagun.com/playing-to-vapors/,20141130170224,raw\html\flowersinagun.com_playing-to-vapors__91460c9aa1.html,ok,42132
flowersinagun.com/pulp-radio-city-music-hall,article_or_page,http://www.flowersinagun.com:80/pulp-radio-city-music-hall/,20131001033149,raw\html\flowersinagun.com_pulp-radio-city-music-hall__d77b31bc8f.html,ok,33852
flowersinagun.com/ravi-coltrane-residency-at-jazz-standard,article_or_page,https://www.flowersinagun.com/ravi-coltrane-residency-at-jazz-standard/,20230623153926,raw\html\flowersinagun.com_ravi-coltrane-residency-at-jazz-standard__ac1d6005de.html,ok,57916
flowersinagun.com/rip-boro-brodnik,article_or_page,http://www.flowersinagun.com:80/rip-boro-brodnik/,20180507232414,raw\html\flowersinagun.com_rip-boro-brodnik__26a11cebc0.html,ok,48596
flowersinagun.com/rip-is-anyone-up-com,article_or_page,https://www.flowersinagun.com/rip-is-anyone-up-com/,20221102225419,raw\html\flowersinagun.com_rip-is-anyone-up-com__1f20a7553e.html,ok,39710
flowersinagun.com/robert-c-wiles-the-iconic-photo-of-evelyn-mchale-who-just-jumped-out-of-the-empire-state-building-observation-deck,article_or_page,http://www.flowersinagun.com:80/robert-c-wiles-the-iconic-photo-of-evelyn-mchale-who-just-jumped-out-of-the-empire-state-building-observation-deck/,20200222050234,raw\html\flowersinagun.com_robert-c-wiles-the-iconic-photo-of-evelyn-mchale-who-just-jumped-out-of-the-empire-state-building-obse__90c310966e.html,ok,58720
flowersinagun.com/rock-legend-lou-reed-dies-at-71,article_or_page,http://www.flowersinagun.com:80/rock-legend-lou-reed-dies-at-71/,20131114003153,raw\html\flowersinagun.com_rock-legend-lou-reed-dies-at-71__618eb747fd.html,ok,37117
flowersinagun.com/royal-thunder-backwoods-payback-heavy-temple-at-st-vitus-11917,article_or_page,https://www.flowersinagun.com/royal-thunder-backwoods-payback-heavy-temple-at-st-vitus-11917/,20190623085607,raw\html\flowersinagun.com_royal-thunder-backwoods-payback-heavy-temple-at-st-vitus-11917__9b833a9efd.html,ok,66073
flowersinagun.com/s-residency-at-union-pool-dancing-is-the-best-revenge,article_or_page,http://www.flowersinagun.com:80/s-residency-at-union-pool-dancing-is-the-best-revenge/,20180525113359,raw\html\flowersinagun.com_s-residency-at-union-pool-dancing-is-the-best-revenge__d2e1dd0626.html,ok,59646
flowersinagun.com/seminal-cinema-recommends-town-bloody-hall,article_or_page,http://www.flowersinagun.com/seminal-cinema-recommends-town-bloody-hall/,20131115072937,raw\html\flowersinagun.com_seminal-cinema-recommends-town-bloody-hall__f67ca28448.html,ok,37361
flowersinagun.com/sfjazz-collective-plays-the-music-of-joe-henderson,article_or_page,https://www.flowersinagun.com/sfjazz-collective-plays-the-music-of-joe-henderson/,20230804075729,raw\html\flowersinagun.com_sfjazz-collective-plays-the-music-of-joe-henderson__ca1d84d7cc.html,ok,58877
flowersinagun.com/short-movie-bum-luck,article_or_page,http://www.flowersinagun.com:80/short-movie-bum-luck/,20131114003158,raw\html\flowersinagun.com_short-movie-bum-luck__c692289d69.html,ok,34096
flowersinagun.com/simon-field-with-a-new-vocal-house-track-gravity,article_or_page,http://www.flowersinagun.com:80/simon-field-with-a-new-vocal-house-track-gravity/,20150310115103,raw\html\flowersinagun.com_simon-field-with-a-new-vocal-house-track-gravity__c8a8108ac2.html,ok,44272
flowersinagun.com/small-leaks-sink-ships-sign-with-lefse-records-talk-new-record,article_or_page,http://www.flowersinagun.com/small-leaks-sink-ships-sign-with-lefse-records-talk-new-record/,20171116032751,raw\html\flowersinagun.com_small-leaks-sink-ships-sign-with-lefse-records-talk-new-record__e99d8d250f.html,ok,64695
flowersinagun.com/smile-and-like-a-feather-lili-roquelin-with-new-song-and-video,article_or_page,https://www.flowersinagun.com/smile-and-like-a-feather-lili-roquelin-with-new-song-and-video/,20230622000335,raw\html\flowersinagun.com_smile-and-like-a-feather-lili-roquelin-with-new-song-and-video__5e77e51cd6.html,ok,60027
flowersinagun.com/song-of-the-night-23-mojo-nixon-debbie-gibson-is-pregnant-with-my-two-headed-love-child,article_or_page,https://www.flowersinagun.com/song-of-the-night-23-mojo-nixon-debbie-gibson-is-pregnant-with-my-two-headed-love-child/,20230813223248,raw\html\flowersinagun.com_song-of-the-night-23-mojo-nixon-debbie-gibson-is-pregnant-with-my-two-headed-love-child__0043b88af1.html,ok,48946
flowersinagun.com/song-of-the-night-24-nine-inch-nails-lights-in-the-sky,article_or_page,https://www.flowersinagun.com/song-of-the-night-24-nine-inch-nails-lights-in-the-sky/,20230813224340,raw\html\flowersinagun.com_song-of-the-night-24-nine-inch-nails-lights-in-the-sky__7c73020c35.html,ok,48204
flowersinagun.com/song-of-the-night-54-pj-harvey-you-said-something,article_or_page,http://www.flowersinagun.com:80/song-of-the-night-54-pj-harvey-you-said-something/,20200222094018,raw\html\flowersinagun.com_song-of-the-night-54-pj-harvey-you-said-something__f50529766a.html,ok,49384
flowersinagun.com/song-of-the-night-58-i-am-kloot-twist,article_or_page,http://www.flowersinagun.com/song-of-the-night-58-i-am-kloot-twist/,20160910145049,raw\html\flowersinagun.com_song-of-the-night-58-i-am-kloot-twist__2a6ab9ab68.html,ok,38756
flowersinagun.com/song-of-the-night-60-john-maus-dear-moon,article_or_page,http://www.flowersinagun.com/song-of-the-night-60-john-maus-dear-moon/,20141130195112,raw\html\flowersinagun.com_song-of-the-night-60-john-maus-dear-moon__5e472edbf9.html,ok,40367
flowersinagun.com/song-of-the-night-61-childish-gambino-3005,article_or_page,http://www.flowersinagun.com/song-of-the-night-61-childish-gambino-3005/,20141130175649,raw\html\flowersinagun.com_song-of-the-night-61-childish-gambino-3005__3f811f3f1e.html,ok,40877
flowersinagun.com/song-of-the-night-62-devendra-banhart-wont-you-come-over,article_or_page,http://www.flowersinagun.com:80/song-of-the-night-62-devendra-banhart-wont-you-come-over/,20150310115125,raw\html\flowersinagun.com_song-of-the-night-62-devendra-banhart-wont-you-come-over__569f359378.html,ok,44064
flowersinagun.com/soulfly-to-kick-off-north-american-tour-this-friday-performing-nailbombs-point-blank-album-in-full-each-night,article_or_page,http://www.flowersinagun.com/soulfly-to-kick-off-north-american-tour-this-friday-performing-nailbombs-point-blank-album-in-full-each-night/,20180123070224,raw\html\flowersinagun.com_soulfly-to-kick-off-north-american-tour-this-friday-performing-nailbombs-point-blank-album-in-full-eac__8c2bcde51d.html,ok,198015
flowersinagun.com/st-patricks-parade-nyc-2013,article_or_page,http://www.flowersinagun.com:80/st-patricks-parade-nyc-2013/,20131114003239,raw\html\flowersinagun.com_st-patricks-parade-nyc-2013__a597c0d3fe.html,ok,39747
flowersinagun.com/staring-out-the-sun-rock-out-with-high-energy-in-debut-ep,article_or_page,http://www.flowersinagun.com/staring-out-the-sun-rock-out-with-high-energy-in-debut-ep/,20150907175048,raw\html\flowersinagun.com_staring-out-the-sun-rock-out-with-high-energy-in-debut-ep__bbf58506ac.html,ok,49694
flowersinagun.com/stormy-mondays-and-their-music-flying-in-space,article_or_page,http://www.flowersinagun.com:80/stormy-mondays-and-their-music-flying-in-space/,20160211211201,raw\html\flowersinagun.com_stormy-mondays-and-their-music-flying-in-space__b771ae24d8.html,ok,42962
flowersinagun.com/strugare-petnoto-plovdiv,article_or_page,https://www.flowersinagun.com/strugare-petnoto-plovdiv/,20190623085702,raw\html\flowersinagun.com_strugare-petnoto-plovdiv__4fa8a33cbc.html,ok,53452
flowersinagun.com/sweet-fix-is-the-new-band-of-the-week,article_or_page,http://www.flowersinagun.com/sweet-fix-is-the-new-band-of-the-week/,20151121150425,raw\html\flowersinagun.com_sweet-fix-is-the-new-band-of-the-week__1124502f08.html,ok,46580
flowersinagun.com/swinging-holiday-party-with-vince-giordano-the-nighthawks-at-the-town-hall,article_or_page,http://www.flowersinagun.com/swinging-holiday-party-with-vince-giordano-the-nighthawks-at-the-town-hall/,20160811171508,raw\html\flowersinagun.com_swinging-holiday-party-with-vince-giordano-the-nighthawks-at-the-town-hall__be57c146b7.html,ok,51866
flowersinagun.com/tap-fever-with-michela-marino-lerman-group-at-dizzys-coca-cola-club,article_or_page,http://www.flowersinagun.com:80/tap-fever-with-michela-marino-lerman-group-at-dizzys-coca-cola-club/,20170218131749,raw\html\flowersinagun.com_tap-fever-with-michela-marino-lerman-group-at-dizzys-coca-cola-club__98714fa2a5.html,ok,54718
flowersinagun.com/the-bad-plus-at-the-jazz-standard-dark-and-beautiful,article_or_page,http://www.flowersinagun.com/the-bad-plus-at-the-jazz-standard-dark-and-beautiful/,20141126011407,raw\html\flowersinagun.com_the-bad-plus-at-the-jazz-standard-dark-and-beautiful__a364d145f7.html,ok,44132
flowersinagun.com/the-beauty-of-breaking-stuff,article_or_page,http://www.flowersinagun.com/the-beauty-of-breaking-stuff/,20160811104403,raw\html\flowersinagun.com_the-beauty-of-breaking-stuff__c769b4e6b4.html,ok,44938
flowersinagun.com/the-book-of-esther-cd-release-party-at-steinway-hall,article_or_page,http://www.flowersinagun.com/the-book-of-esther-cd-release-party-at-steinway-hall/,20150212173913,raw\html\flowersinagun.com_the-book-of-esther-cd-release-party-at-steinway-hall__7d7fe84a43.html,ok,45613
flowersinagun.com/the-divers,article_or_page,http://www.flowersinagun.com/the-divers/,20131115090633,raw\html\flowersinagun.com_the-divers__288503333a.html,ok,35506
flowersinagun.com/the-gravity-drive,article_or_page,http://www.flowersinagun.com/the-gravity-drive/,20130925182532,raw\html\flowersinagun.com_the-gravity-drive__d4a2fb4400.html,ok,39149
flowersinagun.com/the-great-escape,article_or_page,http://www.flowersinagun.com:80/the-great-escape/,20150310115155,raw\html\flowersinagun.com_the-great-escape__8befda42c9.html,ok,45838
flowersinagun.com/the-great-game-creates-new-world-music-with-debut-album,article_or_page,https://www.flowersinagun.com/the-great-game-creates-new-world-music-with-debut-album/,20230804075729,raw\html\flowersinagun.com_the-great-game-creates-new-world-music-with-debut-album__22e5a9c6fa.html,ok,53543
flowersinagun.com/the-horrors-release-new-album-v,article_or_page,http://www.flowersinagun.com/the-horrors-release-new-album-v/,20180213050323,raw\html\flowersinagun.com_the-horrors-release-new-album-v__8a74c2112d.html,ok,133670
flowersinagun.com/the-impecable-insanity-of-the-liza-colby-sound-arlenes-grocery,article_or_page,http://www.flowersinagun.com:80/the-impecable-insanity-of-the-liza-colby-sound-arlenes-grocery/,20150815021412,raw\html\flowersinagun.com_the-impecable-insanity-of-the-liza-colby-sound-arlenes-grocery__0bbfa6611e.html,ok,53136
flowersinagun.com/the-insurance-salesmen,article_or_page,http://www.flowersinagun.com/the-insurance-salesmen/,20141125112816,raw\html\flowersinagun.com_the-insurance-salesmen__3a317709bd.html,ok,43966
flowersinagun.com/the-jeremy-pelt-show-presents-face-forward-jeremy-at-the-jazz-standard,article_or_page,http://www.flowersinagun.com/the-jeremy-pelt-show-presents-face-forward-jeremy-at-the-jazz-standard/,20141130005626,raw\html\flowersinagun.com_the-jeremy-pelt-show-presents-face-forward-jeremy-at-the-jazz-standard__d425b79ec5.html,ok,45610
flowersinagun.com/the-koniac-net,article_or_page,https://www.flowersinagun.com/the-koniac-net/,20230627042202,raw\html\flowersinagun.com_the-koniac-net__620adacb54.html,ok,64745
flowersinagun.com/the-last-city-2,article_or_page,http://www.flowersinagun.com/the-last-city-2/,20131005184840,raw\html\flowersinagun.com_the-last-city-2__77eb7847fd.html,ok,42377
flowersinagun.com/the-legal-aid-society-second-annual-winter-benefit-012816,article_or_page,http://www.flowersinagun.com/the-legal-aid-society-second-annual-winter-benefit-012816/,20160904010147,raw\html\flowersinagun.com_the-legal-aid-society-second-annual-winter-benefit-012816__4d5c655abe.html,ok,60490
flowersinagun.com/the-library-is-on-fires-new-song-leaked,article_or_page,http://www.flowersinagun.com:80/the-library-is-on-fires-new-song-leaked/,20180929201547,raw\html\flowersinagun.com_the-library-is-on-fires-new-song-leaked__92c9db3fb2.html,ok,54428
flowersinagun.com/the-lost-poets,article_or_page,http://www.flowersinagun.com/the-lost-poets/,20150212183611,raw\html\flowersinagun.com_the-lost-poets__1d9382de63.html,ok,43303
flowersinagun.com/the-new-winner-of-band-of-the-week-radio-radio-from-south-london,article_or_page,http://www.flowersinagun.com:80/the-new-winner-of-band-of-the-week-radio-radio-from-south-london/,20140204053255,raw\html\flowersinagun.com_the-new-winner-of-band-of-the-week-radio-radio-from-south-london__abac8e358a.html,ok,55143
flowersinagun.com/the-ny-hot-jazz-festival-sets-players-club-on-fire-opa,article_or_page,http://www.flowersinagun.com:80/the-ny-hot-jazz-festival-sets-players-club-on-fire-opa/,20141227012724,raw\html\flowersinagun.com_the-ny-hot-jazz-festival-sets-players-club-on-fire-opa__3fe8e88f2d.html,ok,58765
flowersinagun.com/the-partizan-song-%d0%bf%d0%b5%d1%81%d0%bd%d1%8f-%d0%bf%d0%b0%d1%80%d1%82%d0%b8%d0%b7%d0%b0%d0%bd%d0%b0,article_or_page,https://www.flowersinagun.com/the-partizan-song-%d0%bf%d0%b5%d1%81%d0%bd%d1%8f-%d0%bf%d0%b0%d1%80%d1%82%d0%b8%d0%b7%d0%b0%d0%bd%d0%b0/,20230627042201,raw\html\flowersinagun.com_the-partizan-song-_d0_bf_d0_b5_d1_81_d0_bd_d1_8f-_d0_bf_d0_b0_d1_80_d1_82_d0_b8_d0_b7_d0_b0_d0_bd_d0_b__7b4d4561ff.html,ok,53799
flowersinagun.com/the-plum-magnetic,article_or_page,http://www.flowersinagun.com/the-plum-magnetic/,20161206173330,raw\html\flowersinagun.com_the-plum-magnetic__a6709ea58a.html,ok,39768
flowersinagun.com/the-smallest-creature-release-reboot-album-comes-out-soon,article_or_page,http://www.flowersinagun.com:80/the-smallest-creature-release-reboot-album-comes-out-soon/,20161213225947,raw\html\flowersinagun.com_the-smallest-creature-release-reboot-album-comes-out-soon__8302796d7b.html,ok,46963
flowersinagun.com/the-society-islands-the-big-sleep,article_or_page,http://www.flowersinagun.com:80/the-society-islands-the-big-sleep/,20150310114816,raw\html\flowersinagun.com_the-society-islands-the-big-sleep__ac05abf822.html,ok,45051
flowersinagun.com/the-unravelling-dig-again-into-beautiful-darkness-with-new-single-revolt,article_or_page,http://www.flowersinagun.com/the-unravelling-dig-again-into-beautiful-darkness-with-new-single-revolt/,20150908033549,raw\html\flowersinagun.com_the-unravelling-dig-again-into-beautiful-darkness-with-new-single-revolt__ff6afc48bf.html,ok,51506
flowersinagun.com/thelvnguagethe-textiles-at-pianos,article_or_page,http://www.flowersinagun.com:80/thelvnguagethe-textiles-at-pianos/,20171120213642,raw\html\flowersinagun.com_thelvnguagethe-textiles-at-pianos__70e420d1cd.html,ok,60509
flowersinagun.com/tim-hecker-at-the-wick-extreme-noise-meets-extreme-darkness,article_or_page,http://www.flowersinagun.com:80/tim-hecker-at-the-wick-extreme-noise-meets-extreme-darkness/,20150310114021,raw\html\flowersinagun.com_tim-hecker-at-the-wick-extreme-noise-meets-extreme-darkness__75a831be25.html,ok,45529
flowersinagun.com/tonights-flick-graphic-sexual-terror,article_or_page,http://www.flowersinagun.com:80/tonights-flick-graphic-sexual-terror/,20140208145009,raw\html\flowersinagun.com_tonights-flick-graphic-sexual-terror__400b917461.html,ok,56277
flowersinagun.com/too-many-zooz-f-note-ep,article_or_page,http://www.flowersinagun.com/too-many-zooz-f-note-ep/,20141130095337,raw\html\flowersinagun.com_too-many-zooz-f-note-ep__0a73da9b75.html,ok,45989
flowersinagun.com/underrated-b-sides-moby-nearer,article_or_page,http://www.flowersinagun.com:80/underrated-b-sides-moby-nearer/,20150712091437,raw\html\flowersinagun.com_underrated-b-sides-moby-nearer__5262d51a74.html,ok,44018
flowersinagun.com/urban-grey-new-album-teaser,article_or_page,http://www.flowersinagun.com:80/urban-grey-new-album-teaser/,20181030114533,raw\html\flowersinagun.com_urban-grey-new-album-teaser__08d596355a.html,ok,48702
flowersinagun.com/urban-saints,article_or_page,http://www.flowersinagun.com:80/urban-saints/,20131114003244,raw\html\flowersinagun.com_urban-saints__220c6a4e27.html,ok,37796
flowersinagun.com/video-interview-with-danish-band-fortress-for-flowers-in-a-gun,article_or_page,http://www.flowersinagun.com/video-interview-with-danish-band-fortress-for-flowers-in-a-gun/,20141130020910,raw\html\flowersinagun.com_video-interview-with-danish-band-fortress-for-flowers-in-a-gun__5c57b70adc.html,ok,42707
flowersinagun.com/warren-wolf-the-wolfpack-at-smoke-jazz-club,article_or_page,http://www.flowersinagun.com:80/warren-wolf-the-wolfpack-at-smoke-jazz-club/,20180508004601,raw\html\flowersinagun.com_warren-wolf-the-wolfpack-at-smoke-jazz-club__d76f6f6b9e.html,ok,63633
flowersinagun.com/who-sang-it-better-im-a-fool-to-love-you,article_or_page,http://www.flowersinagun.com:80/who-sang-it-better-im-a-fool-to-love-you/,20171120215140,raw\html\flowersinagun.com_who-sang-it-better-im-a-fool-to-love-you__c04dbd2a42.html,ok,50629
flowersinagun.com/whos-ted-bundy,article_or_page,http://www.flowersinagun.com:80/whos-ted-bundy/,20200222004832,raw\html\flowersinagun.com_whos-ted-bundy__878ded1e3b.html,ok,47989
flowersinagun.com/william-parkers-yes-i-dream-of-freedom-in-memory-of-martin-luther-king,article_or_page,https://www.flowersinagun.com/william-parkers-yes-i-dream-of-freedom-in-memory-of-martin-luther-king/,20230624141224,raw\html\flowersinagun.com_william-parkers-yes-i-dream-of-freedom-in-memory-of-martin-luther-king__c4fa9ce8cb.html,ok,61102
flowersinagun.com/wine-cheese-meow-meow,article_or_page,http://www.flowersinagun.com:80/wine-cheese-meow-meow/,20131001033112,raw\html\flowersinagun.com_wine-cheese-meow-meow__6c091fbed7.html,ok,32659
flowersinagun.com/winter-jazzfest-2015,article_or_page,http://www.flowersinagun.com/winter-jazzfest-2015/,20160811124301,raw\html\flowersinagun.com_winter-jazzfest-2015__4564d0bad0.html,ok,70995
flowersinagun.com/yann-tiersen-at-the-highline-ballroom-pure-magic,article_or_page,http://www.flowersinagun.com/yann-tiersen-at-the-highline-ballroom-pure-magic/,20160304201509,raw\html\flowersinagun.com_yann-tiersen-at-the-highline-ballroom-pure-magic__2e8376c972.html,ok,44136
flowersinagun.com/yop-poll-archive,article_or_page,http://www.flowersinagun.com/yop-poll-archive/,20150716031616,raw\html\flowersinagun.com_yop-poll-archive__af024f2c7a.html,ok,74847
flowersinagun.com/youporn-video-comment-of-the-night-632012,article_or_page,http://www.flowersinagun.com:80/youporn-video-comment-of-the-night-632012/,20170220122836,raw\html\flowersinagun.com_youporn-video-comment-of-the-night-632012__0005e4d8e8.html,ok,37003
cpanel.flowersinagun.com/,home,http://cpanel.flowersinagun.com/,20231225164140,raw\html\cpanel.flowersinagun.com__b066ee5e94.html,ok,38026
fitbog.flowersinagun.com/,home,https://www.fitbog.flowersinagun.com/,,,failed:too_small,0
flowersinagun.com/,home,http://flowersinagun.com/,20240425154258,raw\html\flowersinagun.com__efa6cd409a.html,ok,71794
mail.flowersinagun.com/,home,http://mail.flowersinagun.com/,,,failed:http_404,0
webmail.flowersinagun.com/,home,http://webmail.flowersinagun.com/,20240425154354,raw\html\webmail.flowersinagun.com__9d47205844.html,ok,38039
flowersinagun.com/cgi-sys/suspendedpage.cgi,other_html,https://www.flowersinagun.com/cgi-sys/suspendedpage.cgi,,,failed:not_blog,0
flowersinagun.com/kmfdm-rock-irving-plaza-for-hell-yeah-tour/%3Ca%20href=,other_html,http://www.flowersinagun.com/kmfdm-rock-irving-plaza-for-hell-yeah-tour/%3Ca%20href=,20180123012101,raw\html\flowersinagun.com_kmfdm-rock-irving-plaza-for-hell-yeah-tour_3Ca_20href__074587a3aa.html,ok,183234
