source,query,destination,reason
/,p=7272,/10yr-cleansing-tour-prison-upon-a-burning-body-suicide-silence-at-brooklyn-bazaar/,?p=ID shortlink
/,p=3399,/12-muse-of-the-brighton-bathhouse/,?p=ID shortlink
/,p=6016,/30-years-sepultura-webster-hall/,?p=ID shortlink
/,p=5736,/5-songs-of-2014/,?p=ID shortlink
/,p=7387,/a-moment-with-spirit-of/,?p=ID shortlink
/,p=965,/about/,?p=ID shortlink
/,p=6572,/ajay-mathurs-world-americana-in-9-to-3/,?p=ID shortlink
/,p=5421,/alice-sungurov-releases-debut-video/,?p=ID shortlink
/,p=4831,/alt-j-dissolve-me-song-review/,?p=ID shortlink
/,p=3282,/alzheimers-association-rita-hayworth-gala-30th-anniversary-at-waldorf-astoria/,?p=ID shortlink
/,p=4789,/andrea-remordini/,?p=ID shortlink
/,p=7404,/andy-michaels-eclectic-revisited-has-bits-for-every-music-fan/,?p=ID shortlink
/,p=3056,/austeya/,?p=ID shortlink
/,p=1998,/autoktronix-noise-from-the-dessert/,?p=ID shortlink
/,p=1417,/autumn-in-central-park/,?p=ID shortlink
/,p=5698,/azar-lawrence-plays-a-love-supreme-at-jazz-standard/,?p=ID shortlink
/,p=1451,/balkansky-brat/,?p=ID shortlink
/,p=3874,/band-of-the-week-hall-of-fame/,?p=ID shortlink
/,p=5551,/band-of-the-week-sweet-fix/,?p=ID shortlink
/,p=3831,/band-of-the-week/,?p=ID shortlink
/,p=5521,/ben-frost-brings-violent-darkness-to-the-wick/,?p=ID shortlink
/,p=3311,/bette-midlers-hulaween-party-at-waldorf-astoria/,?p=ID shortlink
/,p=1209,/bieber-or-morbid-angel-first/,?p=ID shortlink
/,p=5574,/billy-roberts-and-the-rough-riders-takes-alternatively-country-on-the-last-of-the-originals/,?p=ID shortlink
/,p=6279,/bitters-kiss-captivating-female-vocals-from-new-jersey/,?p=ID shortlink
/,p=5637,/blonde-redhead-bowery-ballroom/,?p=ID shortlink
/,p=3001,/braddock-station-garrison/,?p=ID shortlink
/,p=3157,/britney-spears-work-bitch-sm-getting-way-too-commercialized/,?p=ID shortlink
/,p=3174,/bushwick-burlesque-bizarre-and-wildly-entertaining/,?p=ID shortlink
/,p=6935,/captain-squeegee-defeats-evil-with-music-in-new-video-dually-noted/,?p=ID shortlink
/,p=4480,/caravan-palace-hits-nyc-electric-swing-madness/,?p=ID shortlink
/,p=5341,/charlie-parker-festival-celebrates-the-legacy-of-bird/,?p=ID shortlink
/,p=4065,/christian-scott-at-the-blue-note-intereview/,?p=ID shortlink
/,p=3817,/christmas-and-video-game-cheats-2/,?p=ID shortlink
/,p=7047,/chvrches-shows-out-in-nyc-opener-potty-mouth-nearly-stole-the-show/,?p=ID shortlink
/,p=6055,/clayton-brothers-quintet-notes-for-the-love-of-music/,?p=ID shortlink
/,p=5648,/daniel-morrow-the-bedford-green-project/,?p=ID shortlink
/,p=5670,/darkness-falls-with-the-new-record-of-unfanthomed-of-abyss/,?p=ID shortlink
/,p=5226,/dave-strykers-cd-release-jazz-standard-interview-for-flowers-in-a-gun/,?p=ID shortlink
/,p=6643,/david-bowie-r-i-p/,?p=ID shortlink
/,p=4466,/dk5600/,?p=ID shortlink
/,p=4431,/dolls-from-uk-is-the-new-band-of-the-week-winner/,?p=ID shortlink
/,p=5302,/double-album-cd-release-party-at-shapeshifter-lab-matthew-shipp-darius-jones-gerald-cleaver-william-parker-craig-taborn/,?p=ID shortlink
/,p=1217,/dream-08-23-12/,?p=ID shortlink
/,p=460,/fake-snuff-straight-from-bulgaria-fuck-yeah/,?p=ID shortlink
/,p=4516,/farrah-burns-speaks-fluent-hip-hop-in-harlem/,?p=ID shortlink
/,p=1339,/financial-district-looking-like-a-ghost-town-on-halloween-after-hurricane-sandy/,?p=ID shortlink
/,p=7356,/fiona-silver-mercury-lounge/,?p=ID shortlink
/,p=5321,/fixe-magazine-party-tammany-hall/,?p=ID shortlink
/,p=3262,/franz-ferdinand-manhattan-centers-hammerstein-ballroom/,?p=ID shortlink
/,p=6155,/from-the-south-of-spain-to-the-west-village-alberta-alabreda-and-noemi-perez-flamenco-fusion/,?p=ID shortlink
/,p=7218,/gene-simmons-nobody-pays-for-music/,?p=ID shortlink
/,p=692,/gloria-petkova-tits-and-phones-vice-volume-9-number-3-fuck-yes-x-1000/,?p=ID shortlink
/,p=6554,/gogol-bordellos-new-years-eve-bash-interview-with-eugene-hutz/,?p=ID shortlink
/,p=5095,/guided-by-voices-irving-plaza-07112014/,?p=ID shortlink
/,p=5922,/guy-klucevsek-teetering-on-the-verge-of-normalcy/,?p=ID shortlink
/,p=7301,/hardcore-xmas-2017-eastern-europes-finest/,?p=ID shortlink
/,p=5052,/heylel-blend-prog-rock-with-gothic-influences-in-nebulae/,?p=ID shortlink
/,p=6737,/highly-suspect-london-2016/,?p=ID shortlink
/,p=4275,/honeychrome-glasslands/,?p=ID shortlink
/,p=1224,/im-having-a-great-time-in-sofia/,?p=ID shortlink
/,p=6875,/in-remembrance-of-erik-petersen-the-punk-poet-of-pennsylvania/,?p=ID shortlink
/,p=4111,/interview-mndr/,?p=ID shortlink
/,p=5595,/interview-with-avant-garde-musician-yumiko-tanaka-at-japan-society/,?p=ID shortlink
/,p=5389,/interview-with-bassist-composer-ben-wolfe/,?p=ID shortlink
/,p=5506,/interview-with-ches-smith-at-the-stone/,?p=ID shortlink
/,p=4526,/interview-with-dolls-uk/,?p=ID shortlink
/,p=5453,/interview-with-indaze-brooklyn-bowl-the-english-beat/,?p=ID shortlink
/,p=4596,/interview-with-jazz-violinist-scott-tixier/,?p=ID shortlink
/,p=6290,/interview-with-la-industrial-pop-duo-vowws-show-avid-bk/,?p=ID shortlink
/,p=5464,/interview-with-matthew-shipp/,?p=ID shortlink
/,p=1984,/interview-with-michael-gira-from-swans/,?p=ID shortlink
/,p=5380,/interview-with-rachel-ann-weiss-the-rockwood-music-hall/,?p=ID shortlink
/,p=6664,/jacob-metcalf-live-at-the-kessler-theatre/,?p=ID shortlink
/,p=4303,/james-carter-plays-tribute-to-john-coltrane-at-the-philadelphia-clef-club-of-jazz/,?p=ID shortlink
/,p=7068,/jazz-at-zinc-bar/,?p=ID shortlink
/,p=5947,/joy-division-disorder-song-review/,?p=ID shortlink
/,p=7415,/kate-fenner-releases-middle-voice-a-deep-look-into-life/,?p=ID shortlink
/,p=4368,/katya-sanna/,?p=ID shortlink
/,p=3167,/kcas-black-ball-hosted-by-alicia-keys-raises-money-to-fight-aids/,?p=ID shortlink
/,p=3326,/khromozomes/,?p=ID shortlink
/,p=7186,/kmfdm-rock-irving-plaza-for-hell-yeah-tour/,?p=ID shortlink
/,p=6764,/le-butcherettes-the-dead-ships-and-eureka-the-butcher-rough-trade/,?p=ID shortlink
/,p=1971,/life-along-the-borderline-a-tribute-to-nico-curated-by-john-cale-at-bam/,?p=ID shortlink
/,p=3507,/lili-roquelin-with-brand-new-video-for-the-only-one/,?p=ID shortlink
/,p=5621,/luscious-jackson-the-bell-house/,?p=ID shortlink
/,p=4990,/lydia-lunch-doomsday-student-trans-pecos-queens/,?p=ID shortlink
/,p=442,/lydia-lunch-queen-of-siam/,?p=ID shortlink
/,p=5270,/mad-meg-mercury-lounge/,?p=ID shortlink
/,p=5546,/manilow-cease-and-desist/,?p=ID shortlink
/,p=5896,/marianne-solivan-big-band-at-smalls-jazz-club-lady-got-balls/,?p=ID shortlink
/,p=5952,/mark-maze-takes-on-heartbreak-and-individualism-in-new-album-uncomfortable-truths/,?p=ID shortlink
/,p=7184,/mark-zaleski-bands-album-release-at-smalls-jazz-club/,?p=ID shortlink
/,p=4587,/marla-mase-half-life/,?p=ID shortlink
/,p=7056,/mary-lynns-animal-is-a-great-listen-end-to-end/,?p=ID shortlink
/,p=6482,/matt-wilsons-christmas-tree-o-15-jazz-standard/,?p=ID shortlink
/,p=3828,/mel-washington/,?p=ID shortlink
/,p=4395,/michael-cullen-love-transmitter/,?p=ID shortlink
/,p=7426,/modest-mouse-at-kings-theater-worth-the-trip/,?p=ID shortlink
/,p=438,/my-favourite-valentines-card/,?p=ID shortlink
/,p=7177,/my-instagram-feed/,?p=ID shortlink
/,p=5241,/neneh-cherry-palmengarten-frankfurt/,?p=ID shortlink
/,p=5997,/nic-nassuet-releases-two-tracks-from-new-album-eleutherios/,?p=ID shortlink
/,p=3542,/nickel-and-dime-ops-album-release-party-killing/,?p=ID shortlink
/,p=4434,/nocarrier-wisdom-failure/,?p=ID shortlink
/,p=6653,/nomads-revolt-mischief-brew-sets-fire-to-the-night-in-brooklyn/,?p=ID shortlink
/,p=4616,/okkyung-lee-at-the-stone-6-nights-12-shows-1-interview/,?p=ID shortlink
/,p=5572,/paul-maged-releases-sophomore-album-diamonds-and-demons/,?p=ID shortlink
/,p=6461,/phoenix-hip-hop-lights-up-the-night-in-brooklyn/,?p=ID shortlink
/,p=2754,/photo-of-the-night-1-siouxsie-by-pierre-et-gilles/,?p=ID shortlink
/,p=2630,/photos-from-bulgaria-2013/,?p=ID shortlink
/,p=6869,/pizzafest-3-code-name-pizza-fist/,?p=ID shortlink
/,p=4477,/plastic-yellow-band/,?p=ID shortlink
/,p=4450,/playing-to-vapors/,?p=ID shortlink
/,p=611,/pulp-radio-city-music-hall/,?p=ID shortlink
/,p=5860,/ravi-coltrane-residency-at-jazz-standard/,?p=ID shortlink
/,p=7233,/rip-boro-brodnik/,?p=ID shortlink
/,p=657,/rip-is-anyone-up-com/,?p=ID shortlink
/,p=1214,/robert-c-wiles-the-iconic-photo-of-evelyn-mchale-who-just-jumped-out-of-the-empire-state-building-observation-deck/,?p=ID shortlink
/,p=3273,/rock-legend-lou-reed-dies-at-71/,?p=ID shortlink
/,p=7339,/royal-thunder-backwoods-payback-heavy-temple-at-st-vitus-11917/,?p=ID shortlink
/,p=7107,/s-residency-at-union-pool-dancing-is-the-best-revenge/,?p=ID shortlink
/,p=3457,/seminal-cinema-recommends-town-bloody-hall/,?p=ID shortlink
/,p=5953,/sfjazz-collective-plays-the-music-of-joe-henderson/,?p=ID shortlink
/,p=3308,/short-movie-bum-luck/,?p=ID shortlink
/,p=5710,/simon-field-with-a-new-vocal-house-track-gravity/,?p=ID shortlink
/,p=7027,/small-leaks-sink-ships-sign-with-lefse-records-talk-new-record/,?p=ID shortlink
/,p=5873,/smile-and-like-a-feather-lili-roquelin-with-new-song-and-video/,?p=ID shortlink
/,p=1968,/song-of-the-night-23-mojo-nixon-debbie-gibson-is-pregnant-with-my-two-headed-love-child/,?p=ID shortlink
/,p=2002,/song-of-the-night-24-nine-inch-nails-lights-in-the-sky/,?p=ID shortlink
/,p=3019,/song-of-the-night-54-pj-harvey-you-said-something/,?p=ID shortlink
/,p=3849,/song-of-the-night-58-i-am-kloot-twist/,?p=ID shortlink
/,p=4390,/song-of-the-night-60-john-maus-dear-moon/,?p=ID shortlink
/,p=4483,/song-of-the-night-61-childish-gambino-3005/,?p=ID shortlink
/,p=5706,/song-of-the-night-62-devendra-banhart-wont-you-come-over/,?p=ID shortlink
/,p=7180,/soulfly-to-kick-off-north-american-tour-this-friday-performing-nailbombs-point-blank-album-in-full-each-night/,?p=ID shortlink
/,p=2243,/st-patricks-parade-nyc-2013/,?p=ID shortlink
/,p=5979,/staring-out-the-sun-rock-out-with-high-energy-in-debut-ep/,?p=ID shortlink
/,p=6538,/stormy-mondays-and-their-music-flying-in-space/,?p=ID shortlink
/,p=7310,/strugare-petnoto-plovdiv/,?p=ID shortlink
/,p=5491,/sweet-fix-is-the-new-band-of-the-week/,?p=ID shortlink
/,p=5715,/swinging-holiday-party-with-vince-giordano-the-nighthawks-at-the-town-hall/,?p=ID shortlink
/,p=4406,/tap-fever-with-michela-marino-lerman-group-at-dizzys-coca-cola-club/,?p=ID shortlink
/,p=4572,/the-bad-plus-at-the-jazz-standard-dark-and-beautiful/,?p=ID shortlink
/,p=6007,/the-beauty-of-breaking-stuff/,?p=ID shortlink
/,p=5494,/the-book-of-esther-cd-release-party-at-steinway-hall/,?p=ID shortlink
/,p=3405,/the-divers/,?p=ID shortlink
/,p=3028,/the-gravity-drive/,?p=ID shortlink
/,p=5663,/the-great-escape/,?p=ID shortlink
/,p=5937,/the-great-game-creates-new-world-music-with-debut-album/,?p=ID shortlink
/,p=7168,/the-horrors-release-new-album-v/,?p=ID shortlink
/,p=5062,/the-impecable-insanity-of-the-liza-colby-sound-arlenes-grocery/,?p=ID shortlink
/,p=4438,/the-insurance-salesmen/,?p=ID shortlink
/,p=4538,/the-jeremy-pelt-show-presents-face-forward-jeremy-at-the-jazz-standard/,?p=ID shortlink
/,p=3529,/the-koniac-net/,?p=ID shortlink
/,p=3142,/the-last-city-2/,?p=ID shortlink
/,p=6727,/the-legal-aid-society-second-annual-winter-benefit-012816/,?p=ID shortlink
/,p=4350,/the-library-is-on-fires-new-song-leaked/,?p=ID shortlink
/,p=5423,/the-lost-poets/,?p=ID shortlink
/,p=4096,/the-new-winner-of-band-of-the-week-radio-radio-from-south-london/,?p=ID shortlink
/,p=4679,/the-ny-hot-jazz-festival-sets-players-club-on-fire-opa/,?p=ID shortlink
/,p=3395,/the-partizan-song-%D0%BF%D0%B5%D1%81%D0%BD%D1%8F-%D0%BF%D0%B0%D1%80%D1%82%D0%B8%D0%B7%D0%B0%D0%BD%D0%B0/,?p=ID shortlink
/,p=3773,/the-plum-magnetic/,?p=ID shortlink
/,p=6893,/the-smallest-creature-release-reboot-album-comes-out-soon/,?p=ID shortlink
/,p=5544,/the-society-islands-the-big-sleep/,?p=ID shortlink
/,p=5985,/the-unravelling-dig-again-into-beautiful-darkness-with-new-single-revolt/,?p=ID shortlink
/,p=7136,/thelvnguagethe-textiles-at-pianos/,?p=ID shortlink
/,p=5577,/tim-hecker-at-the-wick-extreme-noise-meets-extreme-darkness/,?p=ID shortlink
/,p=617,/tonights-flick-graphic-sexual-terror/,?p=ID shortlink
/,p=4455,/too-many-zooz-f-note-ep/,?p=ID shortlink
/,p=1448,/underrated-b-sides-moby-nearer/,?p=ID shortlink
/,p=4507,/urban-grey-new-album-teaser/,?p=ID shortlink
/,p=1457,/urban-saints/,?p=ID shortlink
/,p=4530,/video-interview-with-danish-band-fortress-for-flowers-in-a-gun/,?p=ID shortlink
/,p=5402,/warren-wolf-the-wolfpack-at-smoke-jazz-club/,?p=ID shortlink
/,p=7075,/who-sang-it-better-im-a-fool-to-love-you/,?p=ID shortlink
/,p=2214,/whos-ted-bundy/,?p=ID shortlink
/,p=5830,/william-parkers-yes-i-dream-of-freedom-in-memory-of-martin-luther-king/,?p=ID shortlink
/,p=630,/wine-cheese-meow-meow/,?p=ID shortlink
/,p=5760,/winter-jazzfest-2015/,?p=ID shortlink
/,p=4808,/yann-tiersen-at-the-highline-ballroom-pure-magic/,?p=ID shortlink
/,p=3878,/yop-poll-archive/,?p=ID shortlink
/,p=507,/youporn-video-comment-of-the-night-632012/,?p=ID shortlink
/kmfdm-rock-irving-plaza-for-hell-yeah-tour/:rest+,,/kmfdm-rock-irving-plaza-for-hell-yeah-tour/,junk suffix on post URL
/:slug/feed,,/:slug/,old WP comment feeds
/:slug/amp,,/:slug/,old AMP URLs
