from,to,reason
/kmfdm-rock-irving-plaza-for-hell-yeah-tour/%3Ca%20href=,/kmfdm-rock-irving-plaza-for-hell-yeah-tour/,junk suffix on post URL
/?p=7186,(WordPress resolves ?p=ID itself - IDs preserved),"shortlink, verify only"
/?p=7310,(WordPress resolves ?p=ID itself - IDs preserved),"shortlink, verify only"
/author/admin/,/author/martina/,author login renamed
flowersinthebarrelofagun.com/,/,legacy domain
flowersinthebarrelofagun.com/2011/07,/  (no matching post - check),legacy domain
flowersinthebarrelofagun.com/2011/08,/  (no matching post - check),legacy domain
flowersinthebarrelofagun.com/2011/09,/  (no matching post - check),legacy domain
flowersinthebarrelofagun.com/2011/10,/  (no matching post - check),legacy domain
flowersinthebarrelofagun.com/2011/11,/  (no matching post - check),legacy domain
flowersinthebarrelofagun.com/2011/12,/  (no matching post - check),legacy domain
flowersinthebarrelofagun.com/2012/01,/  (no matching post - check),legacy domain
flowersinthebarrelofagun.com/2012/02,/  (no matching post - check),legacy domain
flowersinthebarrelofagun.com/2012/03,/  (no matching post - check),legacy domain
flowersinthebarrelofagun.com/2012/04,/  (no matching post - check),legacy domain
flowersinthebarrelofagun.com/2012/05,/  (no matching post - check),legacy domain
flowersinthebarrelofagun.com/2012/06,/  (no matching post - check),legacy domain
flowersinthebarrelofagun.com/2012/06/28/sunday-brunch-is-over-its-tiki-disco-party-time-robertas,/  (no matching post - check),legacy domain
flowersinthebarrelofagun.com/2012/06/28/thigh-hights-for-your-night-out,/  (no matching post - check),legacy domain
flowersinthebarrelofagun.com/2012/06/28/vntage-look-for-long-summer-nights,/  (no matching post - check),legacy domain
flowersinthebarrelofagun.com/2012/07,/  (no matching post - check),legacy domain
flowersinthebarrelofagun.com/2012/07/06/10-distinctive-albums-of-2012-beach-house-bloom,/  (no matching post - check),legacy domain
flowersinthebarrelofagun.com/2012/07/09/50-shades-of-grey-and-the-real-face,/  (no matching post - check),legacy domain
flowersinthebarrelofagun.com/2012/07/09/james-deen-is-adorable,/  (no matching post - check),legacy domain
flowersinthebarrelofagun.com/2012/07/10/sex-changes,/  (no matching post - check),legacy domain
flowersinthebarrelofagun.com/2012/07/11/the-decadence-allures,/  (no matching post - check),legacy domain
flowersinthebarrelofagun.com/2012/07/12/phoenix-too-young,/  (no matching post - check),legacy domain
flowersinthebarrelofagun.com/2012/07/13/underrated-b-sides-pulp-you-are-the-one,/  (no matching post - check),legacy domain
flowersinthebarrelofagun.com/2012/08,/  (no matching post - check),legacy domain
flowersinthebarrelofagun.com/2012/08/08/hentai-gifs-i-dig-003-2,/  (no matching post - check),legacy domain
flowersinthebarrelofagun.com/2012/08/23/dream-08-23-12,/dream-08-23-12/,legacy domain
flowersinthebarrelofagun.com/2012/08/23/robert-c-wiles-the-iconic-photo-of-evelyn-mchale-who-just-jumped-out-of-the-empire-state-building-observation-deck,/robert-c-wiles-the-iconic-photo-of-evelyn-mchale-who-just-jumped-out-of-the-empire-state-building-observation-deck/,legacy domain
flowersinthebarrelofagun.com/2012/09,/  (no matching post - check),legacy domain
flowersinthebarrelofagun.com/2012/09/01/im-having-a-great-time-in-sofia,/im-having-a-great-time-in-sofia/,legacy domain
flowersinthebarrelofagun.com/2012/09/02/talking-to-strangers-for-nerve-com,/  (no matching post - check),legacy domain
flowersinthebarrelofagun.com/2012/09/16/it-always-rains,/  (no matching post - check),legacy domain
flowersinthebarrelofagun.com/2012/09/17/raveonettes-she-owns-the-street,/  (no matching post - check),legacy domain
flowersinthebarrelofagun.com/2012/09/21/dinah-washington-beggin-mama-blues,/  (no matching post - check),legacy domain
flowersinthebarrelofagun.com/2012/09/23/1960s-recipe-for-bangkok-style-chicken-pad-thai,/  (no matching post - check),legacy domain
flowersinthebarrelofagun.com/2012/09/25/two-unpublished-talking-to-strangers,/  (no matching post - check),legacy domain
flowersinthebarrelofagun.com/2012/09/27/haikus,/  (no matching post - check),legacy domain
flowersinthebarrelofagun.com/2012/10,/  (no matching post - check),legacy domain
flowersinthebarrelofagun.com/2012/11,/  (no matching post - check),legacy domain
flowersinthebarrelofagun.com/2012/11/19/balkansky-brat,/balkansky-brat/,legacy domain
flowersinthebarrelofagun.com/2012/11/21/urban-saints,/urban-saints/,legacy domain
flowersinthebarrelofagun.com/2012/11/26/song-of-the-night-1-odyssey-native-new-yorker,/  (no matching post - check),legacy domain
flowersinthebarrelofagun.com/2012/12,/  (no matching post - check),legacy domain
flowersinthebarrelofagun.com/2013/01,/  (no matching post - check),legacy domain
flowersinthebarrelofagun.com/2013/01/16/big-cat-time-and-elmyra,/  (no matching post - check),legacy domain
flowersinthebarrelofagun.com/2013/01/16/my-reaction-to-the-recent-bulgarian-scandal-with-about-eur-1-million-granted-to-bulgarian-chalga-monopolist-tv-planeta,/  (no matching post - check),legacy domain
flowersinthebarrelofagun.com/2013/02,/  (no matching post - check),legacy domain
flowersinthebarrelofagun.com/2013/03,/  (no matching post - check),legacy domain
flowersinthebarrelofagun.com/2013/04,/  (no matching post - check),legacy domain
flowersinthebarrelofagun.com/2013/05,/  (no matching post - check),legacy domain
flowersinthebarrelofagun.com/2013/06,/  (no matching post - check),legacy domain
flowersinthebarrelofagun.com/2013/07,/  (no matching post - check),legacy domain
flowersinthebarrelofagun.com/about,/about/,legacy domain
flowersinthebarrelofagun.com/author/admin,/  (no matching post - check),legacy domain
flowersinthebarrelofagun.com/author/martkawaii,/  (no matching post - check),legacy domain
flowersinthebarrelofagun.com/bulgarian-pop-music-porn,/  (no matching post - check),legacy domain
flowersinthebarrelofagun.com/category/abuse-the-net,/  (no matching post - check),legacy domain
flowersinthebarrelofagun.com/category/aint-easy-being-cool,/  (no matching post - check),legacy domain
flowersinthebarrelofagun.com/category/arts,/  (no matching post - check),legacy domain
flowersinthebarrelofagun.com/category/books,/  (no matching post - check),legacy domain
flowersinthebarrelofagun.com/category/concert-reviews-more,/  (no matching post - check),legacy domain
flowersinthebarrelofagun.com/category/dreams-intimate-parts-of-the-subconscious,/  (no matching post - check),legacy domain
flowersinthebarrelofagun.com/category/exciting-events,/  (no matching post - check),legacy domain
flowersinthebarrelofagun.com/category/flowers-in-the-barrel-of-a-gun-presents,/  (no matching post - check),legacy domain
flowersinthebarrelofagun.com/category/interviews,/  (no matching post - check),legacy domain
flowersinthebarrelofagun.com/category/kawaii-cuisine,/  (no matching post - check),legacy domain
flowersinthebarrelofagun.com/category/loud-music,/  (no matching post - check),legacy domain
flowersinthebarrelofagun.com/category/loud-music/song-of-the-night,/  (no matching post - check),legacy domain
flowersinthebarrelofagun.com/category/loud-music/underrated-b-sides-loud-music,/  (no matching post - check),legacy domain
flowersinthebarrelofagun.com/category/lousy-bar-poetry,/  (no matching post - check),legacy domain
flowersinthebarrelofagun.com/category/nighty-art,/  (no matching post - check),legacy domain
flowersinthebarrelofagun.com/category/nighty-art/hentai-gifs-nighty-art,/  (no matching post - check),legacy domain
flowersinthebarrelofagun.com/category/nighty-art/non-hentai-gifs,/  (no matching post - check),legacy domain
flowersinthebarrelofagun.com/category/nighty-art/photography,/  (no matching post - check),legacy domain
flowersinthebarrelofagun.com/category/other-reviews,/  (no matching post - check),legacy domain
flowersinthebarrelofagun.com/category/photography,/  (no matching post - check),legacy domain
flowersinthebarrelofagun.com/category/random,/  (no matching post - check),legacy domain
flowersinthebarrelofagun.com/category/scary-movies,/  (no matching post - check),legacy domain
flowersinthebarrelofagun.com/category/song-of-the-night,/  (no matching post - check),legacy domain
flowersinthebarrelofagun.com/category/stories-poetry,/  (no matching post - check),legacy domain
flowersinthebarrelofagun.com/category/styling-2,/  (no matching post - check),legacy domain
flowersinthebarrelofagun.com/category/true-stories,/  (no matching post - check),legacy domain
flowersinthebarrelofagun.com/category/uncategorized,/  (no matching post - check),legacy domain
flowersinthebarrelofagun.com/category/very-random,/  (no matching post - check),legacy domain
flowersinthebarrelofagun.com/category/you-love-photos,/  (no matching post - check),legacy domain
flowersinthebarrelofagun.com/how-megan-turned-into-fox,/  (no matching post - check),legacy domain
flowersinthebarrelofagun.com/how-to-get-your-art-covered-here,/  (no matching post - check),legacy domain
flowersinthebarrelofagun.com/jay-roach-interview-at-directors-series-tff-2013-video,/  (no matching post - check),legacy domain
flowersinthebarrelofagun.com/page/2,/  (no matching post - check),legacy domain
flowersinthebarrelofagun.com/tag/azis,/  (no matching post - check),legacy domain
flowersinthebarrelofagun.com/tag/bulgaria,/  (no matching post - check),legacy domain
flowersinthebarrelofagun.com/tag/bulgarian-chalga,/  (no matching post - check),legacy domain
flowersinthebarrelofagun.com/tag/chalga,/  (no matching post - check),legacy domain
flowersinthebarrelofagun.com/tag/dark-touch,/  (no matching post - check),legacy domain
flowersinthebarrelofagun.com/tag/fuck-50-shades-of-grey,/  (no matching post - check),legacy domain
flowersinthebarrelofagun.com/tag/funny,/  (no matching post - check),legacy domain
flowersinthebarrelofagun.com/tag/galena,/  (no matching post - check),legacy domain
flowersinthebarrelofagun.com/tag/gif,/  (no matching post - check),legacy domain
flowersinthebarrelofagun.com/tag/horror,/  (no matching post - check),legacy domain
flowersinthebarrelofagun.com/tag/how-to-still-see-isanyoneup-com,/  (no matching post - check),legacy domain
flowersinthebarrelofagun.com/tag/indiie,/  (no matching post - check),legacy domain
flowersinthebarrelofagun.com/tag/little-girl,/  (no matching post - check),legacy domain
flowersinthebarrelofagun.com/tag/movie,/  (no matching post - check),legacy domain
flowersinthebarrelofagun.com/tag/planeta-tv-scandal,/  (no matching post - check),legacy domain
flowersinthebarrelofagun.com/tag/scary,/  (no matching post - check),legacy domain
flowersinthebarrelofagun.com/tag/strange-joseph-gordon-levitt,/  (no matching post - check),legacy domain
flowersinthebarrelofagun.com/tag/the-upcoming-2,/  (no matching post - check),legacy domain
flowersinthebarrelofagun.com/tag/tribeca-film-fest-2013,/  (no matching post - check),legacy domain
flowersinthebarrelofagun.com/tag/weird-gif,/  (no matching post - check),legacy domain
flowersinthebarrelofagun.com/tag/weird-joseph-gordon-levitt-naked,/  (no matching post - check),legacy domain
flowersinthebarrelofagun.com/tribeca-film-fest-2013-interviews-with-the-cast-of-reaching-for-the-moon,/  (no matching post - check),legacy domain
flowersinthebarrelofagun.com/tribeca-film-festival-2013-dark-touch-review-trailer,/  (no matching post - check),legacy domain
flowersinthebarrelofagun.com/underground-after-party-alphabet-city,/  (no matching post - check),legacy domain
