path,wp_id,kind,title,date,author,categories,word_count,n_images,n_images_missing,n_external_images,n_embeds,n_comments,problems,snapshot_ts
/my-favourite-valentines-card/,438,article,My favourite Valentine card…,2012-02-14,Mart Kawaii,Random,7,1,1,0,0,0,images_missing,20150812114309
/lydia-lunch-queen-of-siam/,442,article,Lydia Lunch – Queen of Siam,2012-02-20,Mart Kawaii,Punk/HC,87,3,3,0,0,0,images_missing,20150808040545
/fake-snuff-straight-from-bulgaria-fuck-yeah/,460,article,Fake snuff straight from Bulgaria? Fuck yeah!,2012-02-21,Mart Kawaii,Movies,120,0,0,0,2,0,,20150812114236
/youporn-video-comment-of-the-night-632012/,507,article,Youporn video comment of the night: 632012,2012-03-06,Mart Kawaii,Random,18,1,0,1,0,0,external_images,20170220122836
/pulp-radio-city-music-hall/,611,article,Pulp @ Radio City Music Hall,2012-04-11,Mart Kawaii,Concerts,204,2,2,0,0,0,images_missing,20131001033149
/tonights-flick-graphic-sexual-terror/,617,article,Tonight’s flick: Graphic Sexual Terror,2012-04-12,Mart Kawaii,Movies; Selected from the Net,135,7,5,0,0,0,images_missing,20140208145009
/wine-cheese-meow-meow/,630,article,Wine & Cheese &… Meow-meow,2012-04-12,Mart Kawaii,Even more music; Selected from the Net,47,0,0,0,0,0,thin_body,20131001033112
/rip-is-anyone-up-com/,657,article,IsAnyone Up.com is dead. Long live #NBHNC.,2012-04-24,Mart Kawaii,Selected from the Net,300,7,0,7,1,0,external_images,20221102225419
/gloria-petkova-tits-and-phones-vice-volume-9-number-3-fuck-yes-x-1000/,692,article,Gloria Petkova by Richard Kern,2012-05-07,Mart Kawaii,Selected from the Net,342,2,2,0,0,0,images_missing,20160328095928
/bieber-or-morbid-angel-first/,1209,article,Bieber or Morbid Angel first?,2012-08-22,Mart Kawaii,Alternative/Rock/Metal; Indie/Pop,83,3,1,2,2,0,"images_missing, external_images",20171019105946
/dream-08-23-12/,1217,article,Dream 08.23.12,2012-08-23,Mart Kawaii,Random,187,1,0,1,0,0,external_images,20171019103802
/robert-c-wiles-the-iconic-photo-of-evelyn-mchale-who-just-jumped-out-of-the-empire-state-building-observation-deck/,1214,article,Robert C. Wiles & the iconic photo of Evelyn McHale,2012-08-23,Mart Kawaii,Photography,586,1,0,1,0,6,external_images,20200222050234
/im-having-a-great-time-in-sofia/,1224,article,I’m having a great time in Sofia,2012-09-01,Mart Kawaii,Even more music; Photography,42,1,1,0,1,0,images_missing,20131114003138
/financial-district-looking-like-a-ghost-town-on-halloween-after-hurricane-sandy/,1339,article,Financial District looking like ghost town on Halloween after Hurricane Sandy,2012-11-01,Mart Kawaii,Photography,71,23,21,2,0,0,"images_missing, external_images",20131114003127
/autumn-in-central-park/,1417,article,Autumn in Central Park,2012-11-15,Mart Kawaii,Photography,0,21,21,0,0,0,images_missing,20150713013408
/balkansky-brat/,1451,article,Balkansky – BRAT (from “Orenda” album),2012-11-19,Mart Kawaii,Electronica,127,1,0,1,1,0,external_images,20150713013256
/underrated-b-sides-moby-nearer/,1448,article,Underrated B-sides: Moby – Nearer,2012-11-19,Mart Kawaii,Underrated B Sides,48,1,0,1,1,0,external_images,20150712091437
/urban-saints/,1457,article,Urban Saints,2012-11-21,Mart Kawaii,Photography; Selected from the Net,202,10,10,0,0,0,images_missing,20131114003244
/autoktronix-noise-from-the-dessert/,1998,article,Autoktronix – Noise from the dessert,2013-01-21,Mart Kawaii,Electronica,372,1,0,1,0,0,external_images,20230812211611
/interview-with-michael-gira-from-swans/,1984,article,Interview with Michael Gira from Swans,2013-01-21,Mart Kawaii,Alternative/Rock/Metal,1579,6,3,0,0,0,images_missing,20230811174445
/life-along-the-borderline-a-tribute-to-nico-curated-by-john-cale-at-bam/,1971,article,Life along the borderline – A tribute to Nico curated by John Cale at BAM,2013-01-21,Mart Kawaii,Concerts,385,5,1,0,0,0,images_missing,20230812211340
/song-of-the-night-23-mojo-nixon-debbie-gibson-is-pregnant-with-my-two-headed-love-child/,1968,article,Song of the night: #23 Mojo Nixon – Debbie Gibson Is Pregnant with My Two-Headed Love Child,2013-01-21,Mart Kawaii,Song of the night,22,1,0,1,1,0,external_images,20230813223248
/song-of-the-night-24-nine-inch-nails-lights-in-the-sky/,2002,article,Song of the night: #24 Nine Inch Nails – Lights in the sky,2013-01-22,Mart Kawaii,Song of the night,28,1,0,1,1,0,external_images,20230813224340
/whos-ted-bundy/,2214,article,Who’s Ted Bundy?,2013-03-09,Mart Kawaii,Movies,11,2,0,2,0,0,external_images,20200222004832
/st-patricks-parade-nyc-2013/,2243,article,St. Patrick’s Parade NYC 2013,2013-03-20,Mart Kawaii,Photography,42,23,23,0,0,0,images_missing,20131114003239
/photos-from-bulgaria-2013/,2630,article,Photos from Bulgaria 2013,2013-06-27,Mart Kawaii,Photography,44,16,16,0,0,0,images_missing,20131114003143
/photo-of-the-night-1-siouxsie-by-pierre-et-gilles/,2754,article,Photo of the night #1: Siouxsie by Pierre et Gilles,2013-07-30,Mart Kawaii,Photography,0,1,0,1,0,0,external_images,20131114033942
/braddock-station-garrison/,3001,article,Braddock Station Garrison,2013-09-19,Mart Kawaii,Alternative/Rock/Metal,1241,6,0,6,1,0,external_images,20140206063119
/song-of-the-night-54-pj-harvey-you-said-something/,3019,article,Song of the night #54 – PJ Harvey – You said something,2013-09-20,Mart Kawaii,Uncategorized,9,1,0,0,1,0,,20200222094018
/the-gravity-drive/,3028,article,The Gravity Drive,2013-09-20,Mart Kawaii,Awesome indie bands you've never heard before,699,5,0,4,5,0,external_images,20130925182532
/austeya/,3056,article,Austeya,2013-09-25,Mart Kawaii,Awesome indie bands you've never heard before,1098,8,0,7,5,0,external_images,20130926232344
/the-last-city-2/,3142,article,The Last City,2013-10-05,Mart Kawaii,Awesome indie bands you've never heard before,1193,8,0,8,1,0,external_images,20131005184840
/britney-spears-work-bitch-sm-getting-way-too-commercialized/,3157,article,Britney Spears – Work bitch / S&M getting way too commercialized,2013-10-10,Mart Kawaii,Indie/Pop,96,3,0,2,1,0,external_images,20180203062439
/kcas-black-ball-hosted-by-alicia-keys-raises-money-to-fight-aids/,3167,article,KCA’s Black Ball hosted by Alicia Keys raises money to fight AIDS,2013-10-10,Mart Kawaii,Events; Movies,165,3,2,0,0,0,images_missing,20131010151445
/bushwick-burlesque-bizarre-and-wildly-entertaining/,3174,article,Bushwick Burlesque – Bizarre and wildly entertaining,2013-10-12,Mart Kawaii,Other events,924,11,9,2,1,0,"images_missing, external_images",20141126025333
/franz-ferdinand-manhattan-centers-hammerstein-ballroom/,3262,article,Franz Ferdinand @ Manhattan Center’s Hammerstein Ballroom,2013-10-26,Mart Kawaii,Alternative/Rock/Metal; Concerts,380,4,2,0,1,2,images_missing,20160211211154
/alzheimers-association-rita-hayworth-gala-30th-anniversary-at-waldorf-astoria/,3282,article,Alzheimer’s association Rita Hayworth Gala 30th anniversary at Waldorf Astoria,2013-10-28,Mart Kawaii,Events,427,8,7,0,0,0,images_missing,20131114003112
/rock-legend-lou-reed-dies-at-71/,3273,article,Rock legend Lou Reed Dies at 71,2013-10-28,Nic Taylor,Even more music,324,1,0,1,2,0,external_images,20131114003153
/short-movie-bum-luck/,3308,article,Short Movie: Bum Luck,2013-10-31,Mart Kawaii,Movies,43,1,0,0,1,0,,20131114003158
/bette-midlers-hulaween-party-at-waldorf-astoria/,3311,article,Bette Midler’s Hulaween Party at Waldorf Astoria,2013-11-03,Mart Kawaii,Other events,317,6,5,0,0,0,images_missing,20151031092253
/khromozomes/,3326,article,Khromozomes,2013-11-06,Mart Kawaii,Hip-Hop/RnB,1132,5,1,4,5,0,"images_missing, external_images",20160720105515
/the-divers/,3405,article,The Divers,2013-11-13,Mart Kawaii,Even more music,392,2,0,0,3,0,,20131115090633
/seminal-cinema-recommends-town-bloody-hall/,3457,article,Seminal Cinema recommends… Town Bloody Hall,2013-11-14,Daniel Engelke,Movies,419,2,0,0,1,0,,20131115072937
/12-muse-of-the-brighton-bathhouse/,3399,article,# 12 Muse of the Brighton Bathhouse,2013-11-18,Mart Kawaii,Stories & Poetry,1000,1,1,0,0,2,images_missing,20230627042202
/the-partizan-song-%d0%bf%d0%b5%d1%81%d0%bd%d1%8f-%d0%bf%d0%b0%d1%80%d1%82%d0%b8%d0%b7%d0%b0%d0%bd%d0%b0/,3395,article,The Partizan Song: Песня Партизана,2013-11-18,Mart Kawaii,Stories & Poetry,468,2,0,0,0,0,,20230627042201
/lili-roquelin-with-brand-new-video-for-the-only-one/,3507,article,LiLi Roquelin with brand new video for “The Only One”,2013-11-22,Mart Kawaii,Indie/Pop,1180,6,0,4,6,0,external_images,20230624094502
/the-koniac-net/,3529,article,The Koniac Net,2013-11-25,Mart Kawaii,Alternative/Rock/Metal,1361,7,0,5,4,4,external_images,20230627042202
/nickel-and-dime-ops-album-release-party-killing/,3542,article,Nickel and Dime OPS album release party – killing!,2013-11-26,Mart Kawaii,Jazz/Blues,553,10,9,0,1,0,images_missing,20230627042202
/christmas-and-video-game-cheats-2/,3817,article,“Christmas and Video Game Cheats”,2013-12-25,Shawn Mishak,Indie/Pop,446,2,0,1,2,0,external_images,20160828132737
/mel-washington/,3828,article,Mel Washington,2013-12-26,Adam Palmer,Jazz/Blues,634,2,0,2,2,0,external_images,20160910145045
/song-of-the-night-58-i-am-kloot-twist/,3849,article,Song Of The Night #58 – I Am Kloot – Twist,2014-01-02,Mart Kawaii,Song of the night,31,1,0,0,1,0,,20160910145049
/the-plum-magnetic/,3773,article,The Plum Magnetic,2014-01-02,Mart Kawaii,Avant-Garde/Experimental,210,2,0,2,3,0,external_images,20161206173330
/band-of-the-week/,3831,article,Band of The Week,2014-01-03,Mart Kawaii,Band Of The Week,221,1,1,0,0,5,images_missing,20160828124049
/christian-scott-at-the-blue-note-intereview/,4065,article,Christian Scott at Blue Note – Inter(e)view,2014-01-24,Anna Yatskevich,Jazz/Blues,3031,7,6,0,0,2,images_missing,20170825215400
/the-new-winner-of-band-of-the-week-radio-radio-from-south-london/,4096,article,The new winners in Band Of The Week – Radio Radio from South London,2014-01-24,Mart Kawaii,Uncategorized,91,2,1,0,0,0,images_missing,20140204053255
/interview-mndr/,4111,article,Interview with MNDR @ Brooklyn Night Bazaar,2014-01-25,Mart Kawaii,Electronica,105,0,0,0,1,0,,20140204053403
/honeychrome-glasslands/,4275,article,Honeychrome @ Glasslands,2014-02-21,Mart Kawaii,Bang Bang; Electronica,298,19,18,0,0,0,images_missing,20160612193733
/the-library-is-on-fires-new-song-leaked/,4350,article,The Library Is On Fire’s new song leaked!,2014-02-28,Mart Kawaii,Alternative/Rock/Metal; Indie/Pop,89,2,0,1,0,0,external_images,20180929201547
/james-carter-plays-tribute-to-john-coltrane-at-the-philadelphia-clef-club-of-jazz/,4303,article,James Carter plays tribute to John Coltrane at the Philadelphia Clef Club of Jazz,2014-03-02,Mart Kawaii,Concerts; Jazz/Blues; Uncategorized,762,5,5,0,0,0,images_missing,20200220153611
/katya-sanna/,4368,article,Katya Sanna,2014-03-06,Mart Kawaii,Avant-Garde/Experimental; Band Of The Week,587,7,0,6,6,0,external_images,20180929201533
/song-of-the-night-60-john-maus-dear-moon/,4390,article,Song Of The Night #60 – John Maus – Dear Moon,2014-03-10,Mart Kawaii,Song of the night,13,1,0,0,1,0,,20141130195112
/michael-cullen-love-transmitter/,4395,article,Michael Cullen – Love Transmitter,2014-03-11,Mart Kawaii,Alternative/Rock/Metal,266,4,0,3,1,0,external_images,20141130164038
/tap-fever-with-michela-marino-lerman-group-at-dizzys-coca-cola-club/,4406,article,Tap Fever with Michela Marino Lerman Group at Dizzy’s Coca-Cola Club.,2014-03-17,Anna Yatskevich,Concerts; Jazz/Blues,1656,8,7,0,0,0,images_missing,20170218131749
/dolls-from-uk-is-the-new-band-of-the-week-winner/,4431,article,Dolls from UK is the new Band Of The Week winner,2014-03-19,Mart Kawaii,Band Of The Week,47,1,0,1,0,0,external_images,20141125103906
/the-insurance-salesmen/,4438,article,The Insurance Salesmen,2014-03-21,Shawn Mishak,Alternative/Rock/Metal,512,2,1,0,1,0,images_missing,20141125112816
/playing-to-vapors/,4450,article,Playing to Vapors,2014-03-25,Adam Palmer,Indie/Pop,310,2,0,1,0,0,external_images,20141130170224
/too-many-zooz-f-note-ep/,4455,article,Too Many Zooz – F Note EP,2014-03-26,Noreña,Jazz/Blues,389,2,0,1,0,2,external_images,20141130095337
/dk5600/,4466,article,DK5600,2014-03-27,Mart Kawaii,Avant-Garde/Experimental,398,5,0,3,4,0,external_images,20141130151758
/nocarrier-wisdom-failure/,4434,article,no:carrier – “Wisdom & Failure”,2014-03-27,Mart Kawaii,Electronica,373,3,1,1,2,0,"images_missing, external_images",20141126194957
/song-of-the-night-61-childish-gambino-3005/,4483,article,Song of the night: #61 – Childish Gambino – 3005,2014-04-07,Mart Kawaii,Hip-Hop/RnB; Song of the night,60,1,0,1,1,0,external_images,20141130175649
/urban-grey-new-album-teaser/,4507,article,Urban Grey New Album Teaser,2014-04-07,Mart Kawaii,Alternative/Rock/Metal,34,1,0,0,1,0,,20181030114533
/caravan-palace-hits-nyc-electric-swing-madness/,4480,article,Caravan Palace hits NYC – Electric Swing Madness!,2014-04-08,Mart Kawaii,Concerts; Electronica; Jazz/Blues; Uncategorized,418,6,5,0,1,0,images_missing,20190910195130
/farrah-burns-speaks-fluent-hip-hop-in-harlem/,4516,article,Farrah Burns Speaks Fluent Hip-Hop in Harlem,2014-04-12,Mart Kawaii,Hip-Hop/RnB,305,3,2,0,1,0,images_missing,20181030114620
/video-interview-with-danish-band-fortress-for-flowers-in-a-gun/,4530,article,Video interview with Danish Band Förtress for Flowers In A Gun!,2014-04-14,Mart Kawaii,Alternative/Rock/Metal,122,3,1,1,1,0,"images_missing, external_images",20141130020910
/the-jeremy-pelt-show-presents-face-forward-jeremy-at-the-jazz-standard/,4538,article,"The Jeremy Pelt Show presents Face Forward, Jeremy at the Jazz Standard.",2014-04-17,Anna Yatskevich,Jazz/Blues,495,4,4,0,0,0,images_missing,20141130005626
/interview-with-dolls-uk/,4526,article,Interview with Dolls /UK/,2014-04-21,Mart Kawaii,Electronica,876,6,0,5,2,0,external_images,20141130025136
/plastic-yellow-band/,4477,article,Plastic Yellow Band,2014-04-23,Mart Kawaii,Alternative/Rock/Metal,215,2,0,2,2,2,external_images,20141130175653
/the-bad-plus-at-the-jazz-standard-dark-and-beautiful/,4572,article,The Bad Plus at the Jazz Standard: Dark and Beautiful.,2014-04-29,Anna Yatskevich,Concerts; Jazz/Blues; Uncategorized,460,4,3,0,0,0,images_missing,20141126011407
/marla-mase-half-life/,4587,article,Marla Mase – Half-Life,2014-05-05,Mart Kawaii,Avant-Garde/Experimental,200,3,0,2,1,0,external_images,20141130114813
/interview-with-jazz-violinist-scott-tixier/,4596,article,Interview with Jazz Violinist Scott Tixier,2014-05-09,Anna Yatskevich,Jazz/Blues,1662,3,3,0,0,0,images_missing,20141125090732
/okkyung-lee-at-the-stone-6-nights-12-shows-1-interview/,4616,article,"Okkyung Lee at the Stone: 6 nights, 12 shows, 1 interview.",2014-05-16,Anna Yatskevich,Arts; Avant-Garde/Experimental; Concerts,1634,7,6,0,0,0,images_missing,20151209125238
/the-ny-hot-jazz-festival-sets-players-club-on-fire-opa/,4679,article,The NY Hot Jazz Festival sets Players Club on Fire – Opa!,2014-05-22,Anna Yatskevich,Jazz/Blues; Photography,1397,21,20,0,0,0,images_missing,20141227012724
/andrea-remordini/,4789,article,Andrea Remordini,2014-06-02,Mart Kawaii,Electronica,200,2,0,1,1,0,external_images,20160310133759
/yann-tiersen-at-the-highline-ballroom-pure-magic/,4808,article,Yann Tiersen at the Highline Ballroom: Pure Magic,2014-06-05,Anna Yatskevich,Avant-Garde/Experimental,388,5,0,0,0,0,,20160304201509
/alt-j-dissolve-me-song-review/,4831,article,Alt J – Dissolve Me (song review),2014-06-08,Noreña,Indie/Pop,237,1,0,0,0,1,,20160310200955
/lydia-lunch-doomsday-student-trans-pecos-queens/,4990,article,"Lydia Lunch, Doomsday Student @ Trans-Pecos, Queens",2014-07-05,Mart Kawaii,Avant-Garde/Experimental,1504,39,38,0,2,0,images_missing,20150709081607
/heylel-blend-prog-rock-with-gothic-influences-in-nebulae/,5052,article,Heylel blend prog rock with gothic influences in “Nebulae”,2014-07-10,Mart Kawaii,Alternative/Rock/Metal,344,3,0,2,2,0,external_images,20150815131959
/the-impecable-insanity-of-the-liza-colby-sound-arlenes-grocery/,5062,article,The impeccable insanity of The Liza Colby Sound @ Arlene’s Grocery,2014-07-13,Kasia Prada,Alternative/Rock/Metal; Concerts,409,19,18,0,1,0,images_missing,20150815021412
/guided-by-voices-irving-plaza-07112014/,5095,article,"Guided By Voices @ Irving Plaza, 07/11/2014",2014-07-16,Mart Kawaii,Alternative/Rock/Metal; Concerts; Indie/Pop,281,17,16,0,1,0,images_missing,20150815144929
/dave-strykers-cd-release-jazz-standard-interview-for-flowers-in-a-gun/,5226,article,Dave Stryker’s CD Release @ Jazz Standard + Interview for Flowers In A Gun,2014-08-10,Mart Kawaii,Jazz/Blues,1462,6,6,0,0,0,images_missing,20190809193614
/neneh-cherry-palmengarten-frankfurt/,5241,article,Neneh Cherry @ Palmengarten Frankfurt,2014-08-11,Mart Kawaii,Alternative/Rock/Metal; Concerts,791,6,0,0,1,0,,20190809193313
/mad-meg-mercury-lounge/,5270,article,Mad Meg @ Mercury Lounge,2014-08-12,Mart Kawaii,Alternative/Rock/Metal,657,4,0,0,0,0,,20190809193259
/double-album-cd-release-party-at-shapeshifter-lab-matthew-shipp-darius-jones-gerald-cleaver-william-parker-craig-taborn/,5302,article,"Dual CD Release at ShapeShifter Lab: Matthew Shipp & Darius Jones + William Parker, Gerald Cleaver & Craig Taborn.",2014-08-13,Mart Kawaii,Avant-Garde/Experimental; Concerts; Jazz/Blues,708,6,0,0,0,1,,20190809193316
/fixe-magazine-party-tammany-hall/,5321,article,Fixe Magazine Party @ Tammany Hall,2014-08-28,Mart Kawaii,Alternative/Rock/Metal,633,6,5,0,0,0,images_missing,20190809193607
/charlie-parker-festival-celebrates-the-legacy-of-bird/,5341,article,Charlie Parker Festival Celebrates the Legacy of Bird.,2014-09-01,Anna Yatskevich,Concerts; Jazz/Blues; Uncategorized,545,16,14,0,0,0,images_missing,20140906004844
/interview-with-rachel-ann-weiss-the-rockwood-music-hall/,5380,article,Interview with Rachel Ann Weiss @ the Rockwood Music Hall,2014-09-09,Anna Yatskevich,Concerts; Indie/Pop; Uncategorized,687,4,4,0,0,0,images_missing,20140914062713
/interview-with-bassist-composer-ben-wolfe/,5389,article,Interview with Bassist/Composer Ben Wolfe,2014-09-12,Anna Yatskevich,Jazz/Blues,1271,5,5,0,0,0,images_missing,20171029195838
/warren-wolf-the-wolfpack-at-smoke-jazz-club/,5402,article,Warren Wolf & Wolfpack at Smoke Jazz Club,2014-09-17,Mart Kawaii,Jazz/Blues,1958,5,4,0,1,0,images_missing,20180508004601
/interview-with-matthew-shipp/,5464,article,Interview with Matthew Shipp,2014-09-29,Mart Kawaii,Avant-Garde/Experimental; Jazz/Blues,1264,1,0,0,0,0,,20231120160220
/alice-sungurov-releases-debut-video/,5421,article,Alice Sungurov releases debut video,2014-10-01,Mart Kawaii,Indie/Pop,206,2,1,0,1,0,images_missing,20151017040857
/interview-with-indaze-brooklyn-bowl-the-english-beat/,5453,article,Interview with InDaze @ Brooklyn Bowl + The English Beat,2014-10-01,Mart Kawaii,Avant-Garde/Experimental,748,16,15,0,0,1,images_missing,20150928174844
/sweet-fix-is-the-new-band-of-the-week/,5491,article,Sweet Fix is the new BAND OF THE WEEK,2014-10-01,Mart Kawaii,Band Of The Week,57,1,0,0,0,0,,20151121150425
/the-book-of-esther-cd-release-party-at-steinway-hall/,5494,article,“The Book of Esther” by David Homan CD Release Party at Steinway Hall,2014-10-07,Anna Yatskevich,Concerts,225,5,4,0,0,0,images_missing,20150212173913
/interview-with-ches-smith-at-the-stone/,5506,article,Interview with Ches Smith at the Stone,2014-10-14,Anna Yatskevich,Avant-Garde/Experimental; Jazz/Blues,1444,6,5,0,0,0,images_missing,20160811104122
/ben-frost-brings-violent-darkness-to-the-wick/,5521,article,Ben Frost Brings Violent Darkness to the Wick.,2014-10-21,Anna Yatskevich,Avant-Garde/Experimental; Electronica,408,8,7,0,0,0,images_missing,20150212180346
/the-lost-poets/,5423,article,The Lost Poets,2014-11-05,Mart Kawaii,Avant-Garde/Experimental,242,1,0,0,1,0,,20150212183611
/band-of-the-week-sweet-fix/,5551,article,Band Of The Week: Sweet Fix,2014-11-06,Teo Chepilov,Band Of The Week; Indie/Pop,1455,7,6,0,4,0,images_missing,20150212130532
/the-society-islands-the-big-sleep/,5544,article,The Society Islands – The Big Sleep,2014-11-07,Mart Kawaii,Alternative/Rock/Metal,242,3,2,0,2,0,images_missing,20150310114816
/manilow-cease-and-desist/,5546,article,Manilow – Cease and Desist,2014-11-10,Mart Kawaii,Alternative/Rock/Metal,150,3,0,3,1,0,external_images,20150310114803
/tim-hecker-at-the-wick-extreme-noise-meets-extreme-darkness/,5577,article,Tim Hecker at the Wick – Extreme Noise Meets Extreme Darkness.,2014-11-15,Teo Chepilov,Avant-Garde/Experimental; Concerts; Electronica,460,1,0,0,0,0,,20150310114021
/paul-maged-releases-sophomore-album-diamonds-and-demons/,5572,article,Paul Maged releases sophomore album “Diamonds and Demons”,2014-11-17,Mart Kawaii,Alternative/Rock/Metal,178,3,0,3,1,0,external_images,20150310114807
/interview-with-avant-garde-musician-yumiko-tanaka-at-japan-society/,5595,article,Interview with avant-garde musician Yumiko Tanaka at Japan Society.,2014-11-19,Anna Yatskevich,Avant-Garde/Experimental; Concerts; Movies,960,2,1,0,0,0,images_missing,20150310114757
/billy-roberts-and-the-rough-riders-takes-alternatively-country-on-the-last-of-the-originals/,5574,article,Billy Roberts and the Rough Riders reimagine alternative country on “The Last Of The Originals”,2014-11-20,Mart Kawaii,Alternative/Rock/Metal,275,1,0,0,3,0,,20150310114026
/luscious-jackson-the-bell-house/,5621,article,Luscious Jackson @ The Bell House,2014-11-26,Mart Kawaii,Alternative/Rock/Metal,353,11,10,0,2,0,images_missing,20150310115046
/blonde-redhead-bowery-ballroom/,5637,article,Blonde Redhead @ Bowery Ballroom,2014-12-03,Mart Kawaii,Alternative/Rock/Metal; Avant-Garde/Experimental,336,9,8,0,1,0,images_missing,20150310115611
/daniel-morrow-the-bedford-green-project/,5648,article,SEEING SOUNDS – Daniel Morrow presents The Bedford Green Project,2014-12-03,Teo Chepilov,Arts; Concerts; Indie/Pop; Movies,2244,6,6,0,0,0,images_missing,20150310114031
/darkness-falls-with-the-new-record-of-unfanthomed-of-abyss/,5670,article,Darkness falls with the new record by Unfanthomed of Abyss,2014-12-11,Mart Kawaii,Alternative/Rock/Metal; Avant-Garde/Experimental,243,2,0,1,1,0,external_images,20150310114036
/the-great-escape/,5663,article,The Great Escape capture the spirit of sunny California in debut record,2014-12-11,Mart Kawaii,Indie/Pop,336,3,0,2,1,0,external_images,20150310115155
/azar-lawrence-plays-a-love-supreme-at-jazz-standard/,5698,article,Azar Lawrence plays “A Love Supreme” at Jazz Standard,2014-12-20,Teo Chepilov,Jazz/Blues,898,5,4,0,0,0,images_missing,20160811105312
/simon-field-with-a-new-vocal-house-track-gravity/,5710,article,Simon Field with a new vocal house track “Gravity”,2014-12-24,Mart Kawaii,Electronica,122,2,1,0,1,0,images_missing,20150310115103
/song-of-the-night-62-devendra-banhart-wont-you-come-over/,5706,article,Song Of The Night #62 – Devendra Banhart – Won’t you come over,2014-12-24,Mart Kawaii,Indie/Pop,166,1,0,0,1,0,,20150310115125
/swinging-holiday-party-with-vince-giordano-the-nighthawks-at-the-town-hall/,5715,article,Swinging Holiday Party with Vince Giordano & the Nighthawks at the Town Hall.,2014-12-24,Anna Yatskevich,Jazz/Blues; Uncategorized,625,11,10,0,0,0,images_missing,20160811171508
/5-songs-of-2014/,5736,article,5 Songs of 2014,2014-12-28,Noreña,Alternative/Rock/Metal; Avant-Garde/Experimental; Hip-Hop/RnB; Indie/Pop,642,6,0,5,5,0,external_images,20150310114005
/winter-jazzfest-2015/,5760,article,Winter Jazzfest 2015,2015-01-16,Anna Yatskevich,Jazz/Blues; Uncategorized,1249,33,32,0,0,0,images_missing,20160811124301
/william-parkers-yes-i-dream-of-freedom-in-memory-of-martin-luther-king/,5830,article,William Parker’s “Yes I Dream of Freedom” Dedicated to the Memory of Martin Luther King,2015-01-19,Mart Kawaii,Avant-Garde/Experimental; Stories & Poetry,424,9,8,0,0,0,images_missing,20230624141224
/ravi-coltrane-residency-at-jazz-standard/,5860,article,Ravi Coltrane Residency at Jazz Standard,2015-02-07,Mart Kawaii,Jazz/Blues,343,6,0,0,0,0,,20230623153926
/smile-and-like-a-feather-lili-roquelin-with-new-song-and-video/,5873,article,“Smile” and “Like a feather”: LiLi Roquelin with new song and video,2015-03-03,Mart Kawaii,Indie/Pop,794,4,0,0,3,0,,20230622000335
/marianne-solivan-big-band-at-smalls-jazz-club-lady-got-balls/,5896,article,Marianne Solivan Big Band at Smalls Jazz Club: Lady Got Balls!,2015-03-11,Mart Kawaii,Jazz/Blues,2107,11,0,0,0,0,,20230623153926
/guy-klucevsek-teetering-on-the-verge-of-normalcy/,5922,article,Guy Klucevsek: Teetering on the Verge of Normalcy,2015-03-25,Mart Kawaii,Avant-Garde/Experimental; Concerts,2304,6,0,0,0,0,,20230623153927
/the-great-game-creates-new-world-music-with-debut-album/,5937,article,The Great Game creates New World Music with debut album,2015-04-08,Mart Kawaii,Avant-Garde/Experimental,413,2,0,1,1,0,external_images,20230804075729
/joy-division-disorder-song-review/,5947,article,Joy Division – Disorder /song review/,2015-04-09,Noreña,Alternative/Rock/Metal,453,3,0,2,1,0,external_images,20230803191927
/mark-maze-takes-on-heartbreak-and-individualism-in-new-album-uncomfortable-truths/,5952,article,Mark Maze takes on heartbreak and individualism in new album “Uncomfortable Truths”,2015-04-15,Mart Kawaii,Indie/Pop,294,3,0,0,2,0,,20230805190244
/sfjazz-collective-plays-the-music-of-joe-henderson/,5953,article,SFJAZZ Collective plays the music of Joe Henderson,2015-04-15,Mart Kawaii,Jazz/Blues; Uncategorized,408,8,0,0,0,0,,20230804075729
/staring-out-the-sun-rock-out-with-high-energy-in-debut-ep/,5979,article,Staring Out The Sun rock out with high energy in debut EP,2015-04-24,Mart Kawaii,Alternative/Rock/Metal,171,4,0,0,2,0,,20150907175048
/nic-nassuet-releases-two-tracks-from-new-album-eleutherios/,5997,article,Nic Nassuet releases two tracks from new album “Eleutherios”,2015-04-27,Mart Kawaii,Avant-Garde/Experimental,286,2,0,0,2,0,,20150910000032
/the-unravelling-dig-again-into-beautiful-darkness-with-new-single-revolt/,5985,article,The Unravelling dig again into beautiful darkness with new single “Revolt”,2015-04-27,Mart Kawaii,Avant-Garde/Experimental,241,3,0,0,2,1,,20150908033549
/the-beauty-of-breaking-stuff/,6007,article,The Beauty of Breaking Stuff.,2015-05-02,Michael Nolte,Jazz/Blues,698,4,0,0,0,0,,20160811104403
/30-years-sepultura-webster-hall/,6016,article,30 years Sepultura @ Webster Hall,2015-06-02,Noreña,Alternative/Rock/Metal,574,17,17,0,0,0,images_missing,20150922034633
/clayton-brothers-quintet-notes-for-the-love-of-music/,6055,article,The Clayton Brothers Quintet: Notes For the Love of Music,2015-06-26,Tsvete Tyuleva,Jazz/Blues,2012,6,5,0,0,0,images_missing,20160811111354
/from-the-south-of-spain-to-the-west-village-alberta-alabreda-and-noemi-perez-flamenco-fusion/,6155,article,From the South of Spain to the West Village: Albert Alabedra and Noemi Perez Flamenco Fusion,2015-08-05,Noreña,Indie/Pop,1547,3,3,0,0,0,images_missing,20160521094331
/bitters-kiss-captivating-female-vocals-from-new-jersey/,6279,article,Bitter’s kiss – captivating female vocals from New Jersey,2015-08-24,Mart Kawaii,Indie/Pop,261,3,2,0,1,0,images_missing,20150912075435
/interview-with-la-industrial-pop-duo-vowws-show-avid-bk/,6290,article,"Interview with LA industrial pop duo VOWWS // show @ Avid, Bk",2015-09-06,Noreña,Avant-Garde/Experimental,1877,10,9,0,2,1,images_missing,20151019050735
/phoenix-hip-hop-lights-up-the-night-in-brooklyn/,6461,article,Phoenix Hip-Hop Lights Up The Night In Brooklyn,2015-12-16,Mart Kawaii,Hip-Hop/RnB,444,11,0,0,3,0,,20210307105200
/matt-wilsons-christmas-tree-o-15-jazz-standard/,6482,article,Matt Wilson’s Christmas TREE-O ’15 @ Jazz Standard,2015-12-29,Noreña,Jazz/Blues,528,17,16,0,0,0,images_missing,20160811120633
/stormy-mondays-and-their-music-flying-in-space/,6538,article,Stormy Mondays and their music flying in space,2016-01-04,Mart Kawaii,Alternative/Rock/Metal,375,3,0,2,2,0,external_images,20160211211201
/gogol-bordellos-new-years-eve-bash-interview-with-eugene-hutz/,6554,article,Gogol Bordello’s New Years Eve Bash + interview with Eugene Hutz,2016-01-07,Kasia Prada,Punk/HC,985,6,5,0,1,0,images_missing,20170722134747
/ajay-mathurs-world-americana-in-9-to-3/,6572,article,Ajay Mathur’s World Americana in “9 to 3”,2016-01-09,Mart Kawaii,Avant-Garde/Experimental,366,2,0,1,2,0,external_images,20161107053947
/david-bowie-r-i-p/,6643,article,David Bowie R.I.P.,2016-02-01,Noreña,Alternative/Rock/Metal,1052,5,3,0,3,0,images_missing,20160904014241
/nomads-revolt-mischief-brew-sets-fire-to-the-night-in-brooklyn/,6653,article,‘Nomads Revolt; Mischief Brew Sets Fire to The Night in Brooklyn,2016-02-01,Mart Kawaii,Concerts; Punk/HC; Stories & Poetry,649,3,0,0,1,0,,20240409172038
/jacob-metcalf-live-at-the-kessler-theatre/,6664,article,Jacob Metcalf: Live at the Kessler Theatre,2016-02-02,Adam Palmer,Indie/Pop,1313,3,2,0,2,0,images_missing,20160904023835
/the-legal-aid-society-second-annual-winter-benefit-012816/,6727,article,The Legal Aid Society: Second Annual Winter Benefit 01/28/16,2016-02-05,Noreña,Indie/Pop,926,17,16,0,0,0,images_missing,20160904010147
/highly-suspect-london-2016/,6737,article,Highly Suspect – the band that will rule the music scene in 2016,2016-02-21,Peyt Stefanova,Alternative/Rock/Metal,1044,9,5,4,2,0,"images_missing, external_images",20160904053929
/le-butcherettes-the-dead-ships-and-eureka-the-butcher-rough-trade/,6764,article,"Le Butcherettes, The Dead Ships and Eureka The Butcher @ Rough Trade",2016-03-13,Mart Kawaii,Avant-Garde/Experimental,603,31,30,0,0,0,images_missing,20160904000541
/pizzafest-3-code-name-pizza-fist/,6869,article,PizzaFest 3: Code name Pizza Fist,2016-06-23,Jeff Schaer-Moses,Alternative/Rock/Metal; Arts; Avant-Garde/Experimental; Concerts; Punk/HC; Random,529,1,0,0,0,0,,20160823120049
/in-remembrance-of-erik-petersen-the-punk-poet-of-pennsylvania/,6875,article,In Remembrance of Erik Petersen the Punk Poet of Pennsylvania,2016-07-31,Jeff Schaer-Moses,Concerts; Punk/HC,895,3,2,0,1,0,images_missing,20161024020034
/the-smallest-creature-release-reboot-album-comes-out-soon/,6893,article,"The smallest Creature release “Reboot”, album comes out soon",2016-09-08,Alexandra Ramirez,Alternative/Rock/Metal,268,8,6,0,3,0,images_missing,20161213225947
/captain-squeegee-defeats-evil-with-music-in-new-video-dually-noted/,6935,article,Captain Squeegee Defeats Evil with Music in New Video “Dually Noted”,2016-10-07,Jeff Schaer-Moses,Alternative/Rock/Metal; Arts; Avant-Garde/Experimental; Indie/Pop,498,2,2,0,1,0,images_missing,20171125000351
/small-leaks-sink-ships-sign-with-lefse-records-talk-new-record/,7027,article,"Small Leaks Sink Ships Sign With Lefse Records, Talk New Record",2016-10-12,Jeff Schaer-Moses,Alternative/Rock/Metal; Arts; Avant-Garde/Experimental; Band Of The Week; Electronica; Random,1127,5,0,0,1,1,,20171116032751
/chvrches-shows-out-in-nyc-opener-potty-mouth-nearly-stole-the-show/,7047,article,"Chvrches Shows Out In NYC, Opener Potty Mouth Nearly Stole The Show",2016-10-18,Mart Kawaii,Alternative/Rock/Metal; Arts; Concerts; Electronica; Indie/Pop; Uncategorized,571,2,0,0,0,0,,20180508012513
/mary-lynns-animal-is-a-great-listen-end-to-end/,7056,article,Mary Lynn’s “Animal” Is a Great Listen End to End,2016-10-19,Jeff Schaer-Moses,Indie/Pop; Uncategorized,537,2,0,0,0,0,,20171116030424
/jazz-at-zinc-bar/,7068,article,Jazz at Zinc Bar,2016-10-30,Noreña,Uncategorized,391,2,1,0,0,0,images_missing,20171124235210
/who-sang-it-better-im-a-fool-to-love-you/,7075,article,Who sang it better: I’m A Fool To Love You,2016-11-07,Mart Kawaii,Who sang it better,95,2,0,0,2,0,,20171120215140
/s-residency-at-union-pool-dancing-is-the-best-revenge/,7107,article,!!!’s residency at Union Pool: Dancing is the best revenge,2016-11-15,Mart Kawaii,Electronica; Punk/HC,392,9,9,0,0,0,images_missing,20180525113359
/thelvnguagethe-textiles-at-pianos/,7136,article,Thelvnguage/The Textiles at Pianos,2017-02-10,Noreña,Alternative/Rock/Metal,463,10,9,0,0,0,images_missing,20171120213642
/the-horrors-release-new-album-v/,7168,article,The Horrors release new album ‘V’,2017-10-01,Mart Kawaii,Alternative/Rock/Metal,286,2,1,0,1,0,images_missing,20180213050323
/soulfly-to-kick-off-north-american-tour-this-friday-performing-nailbombs-point-blank-album-in-full-each-night/,7180,article,"SOULFLY to Kick Off North American Tour this Friday, Performing NAILBOMB’s “Point Blank” Album in Full Each Night",2017-10-02,Mart Kawaii,Alternative/Rock/Metal,560,1,0,0,1,0,,20180123070224
/kmfdm-rock-irving-plaza-for-hell-yeah-tour/,7186,article,KMFDM rock Irving Plaza for HELL YEAH tour,2017-10-13,Julliet Bats,Alternative/Rock/Metal; Electronica,426,15,0,0,0,0,,20171108234251
/gene-simmons-nobody-pays-for-music/,7218,article,Gene Simmons: Generations of fans don’t want to pay for music,2017-10-14,Mart Kawaii,Random,500,1,0,0,0,0,,20180123092122
/mark-zaleski-bands-album-release-at-smalls-jazz-club/,7184,article,Mark Zaleski Band’s album release at Small’s Jazz Club,2017-10-15,Julliet Bats,Jazz/Blues,600,4,0,0,0,0,,20171108143829
/rip-boro-brodnik/,7233,article,RIP Boro Brodnik,2017-11-04,Mart Kawaii,Alternative/Rock/Metal,153,1,0,0,1,0,,20180507232414
/10yr-cleansing-tour-prison-upon-a-burning-body-suicide-silence-at-brooklyn-bazaar/,7272,article,"10yr Cleansing Tour. Prison, Upon a Burning Body, Suicide Silence at Brooklyn Bazaar",2017-12-13,Julliet Bats,Alternative/Rock/Metal,377,17,0,0,0,0,,20171226085102
/hardcore-xmas-2017-eastern-europes-finest/,7301,article,Hardcore X-Mass 2017: Eastern Europe’s Finest,2017-12-20,Mart Kawaii,Alternative/Rock/Metal,808,1,0,0,9,0,,20190806043702
/strugare-petnoto-plovdiv/,7310,article,"Strugare @ Petnoto, Plovdiv",2017-12-23,Mart Kawaii,Hip-Hop/RnB,466,3,0,0,1,0,,20190623085702
/royal-thunder-backwoods-payback-heavy-temple-at-st-vitus-11917/,7339,article,"Royal Thunder, Backwoods Payback, Heavy Temple at St. Vitus 1/19/17",2018-01-25,Julliet Bats,Alternative/Rock/Metal,347,20,0,0,0,0,,20190623085607
/fiona-silver-mercury-lounge/,7356,article,Fiona Silver @ Mercury Lounge,2018-01-30,Noreña,Alternative/Rock/Metal,547,8,0,0,0,0,,20190623085344
/a-moment-with-spirit-of/,7387,article,A moment with SPIRIT OF,2018-02-17,Julliet Bats,Alternative/Rock/Metal; Avant-Garde/Experimental; Uncategorized,1026,3,0,0,0,0,,20190623083648
/andy-michaels-eclectic-revisited-has-bits-for-every-music-fan/,7404,article,Andy Michaels’ eclectic “Revisited” has bits for every music fan,2018-05-13,Alexandra Ramirez,Alternative/Rock/Metal; Avant-Garde/Experimental; Indie/Pop,462,2,0,0,4,0,,20190623083548
/kate-fenner-releases-middle-voice-a-deep-look-into-life/,7415,article,Kate Fenner releases “Middle voice” – a deep look into life,2018-08-01,Alexandra Ramirez,Uncategorized,719,7,0,0,2,0,,20190623085739
/modest-mouse-at-kings-theater-worth-the-trip/,7426,article,Modest Mouse At Kings Theatre: Worth The Trip,2018-10-13,Mart Kawaii,Alternative/Rock/Metal,368,12,0,0,0,0,,20190803175500
/about/,965,page,About,,,,542,6,0,0,0,15,,20240409203707
/band-of-the-week-hall-of-fame/,3874,page,Band Of The Week Hall Of Fame,,,,64,8,0,0,0,0,,20230606042939
/my-instagram-feed/,7177,page,@flowersinagun,,,,11,0,0,0,0,0,thin_body,20230605063049
/yop-poll-archive/,3878,page,Yop Poll Archive,,,,5,0,0,0,0,0,thin_body,20150716031616
/kmfdm-rock-irving-plaza-for-hell-yeah-tour/%3Ca%20href=,0,unknown,404 Error,,,,11,0,0,0,0,0,"no_date, no_author, thin_body",20180123012101
